order_id,seller_id,order_date,delivered_date,delivery_days,on_time_delivery,returned
1,14,2024-05-28,2024-06-01,4,1,0
2,17,2023-04-16,2023-04-24,8,0,0
3,2,2024-07-28,2024-07-30,2,1,0
4,6,2023-12-09,2023-12-12,3,1,0
5,2,2023-05-05,2023-05-18,13,0,0
6,19,2023-04-15,2023-04-18,3,1,1
7,19,2024-07-23,2024-07-25,2,1,0
8,8,2023-04-02,2023-04-09,7,0,0
9,5,2023-05-31,2023-06-12,12,0,1
10,20,2024-06-29,2024-07-01,2,1,0
11,7,2023-06-28,2023-07-01,3,1,0
12,15,2024-02-13,2024-02-18,5,1,0
13,15,2024-08-18,2024-08-22,4,1,0
14,15,2023-08-15,2023-08-25,10,0,0
15,14,2024-10-20,2024-10-22,2,1,0
16,8,2024-05-23,2024-05-28,5,1,0
17,12,2024-11-03,2024-11-05,2,1,0
18,6,2024-01-19,2024-01-24,5,1,0
19,8,2023-02-14,2023-02-16,2,1,0
20,16,2023-12-06,2023-12-09,3,1,0
21,2,2024-10-17,2024-10-21,4,1,0
22,20,2023-09-22,2023-10-02,10,0,1
23,1,2023-05-12,2023-05-16,4,1,0
24,3,2023-09-29,2023-10-01,2,1,0
25,18,2024-12-16,2024-12-20,4,1,0
26,18,2024-06-17,2024-06-19,2,1,1
27,18,2024-09-17,2024-09-22,5,1,0
28,12,2024-01-19,2024-01-23,4,1,0
29,20,2024-04-20,2024-05-05,15,0,0
30,13,2023-02-17,2023-03-04,15,0,0
31,1,2023-08-28,2023-09-06,9,0,1
32,4,2023-04-20,2023-04-25,5,1,0
33,1,2024-01-19,2024-01-21,2,1,0
34,15,2024-11-05,2024-11-16,11,0,1
35,16,2023-05-12,2023-05-15,3,1,0
36,10,2024-02-09,2024-02-12,3,1,0
37,4,2024-09-16,2024-09-20,4,1,0
38,20,2023-07-31,2023-08-05,5,1,0
39,15,2024-11-24,2024-11-26,2,1,1
40,12,2023-02-28,2023-03-05,5,1,0
41,12,2023-10-04,2023-10-06,2,1,0
42,8,2024-08-28,2024-09-03,6,0,0
43,14,2024-10-28,2024-10-30,2,1,0
44,18,2023-10-26,2023-11-08,13,0,0
45,16,2024-01-13,2024-01-17,4,1,0
46,6,2023-01-02,2023-01-17,15,0,0
47,11,2024-06-19,2024-06-24,5,1,0
48,5,2024-04-11,2024-04-13,2,1,0
49,11,2023-01-19,2023-02-02,14,0,0
50,2,2024-07-06,2024-07-08,2,1,0
51,2,2024-03-15,2024-03-20,5,1,0
52,15,2023-09-04,2023-09-06,2,1,0
53,15,2024-12-07,2024-12-22,15,0,0
54,18,2024-11-09,2024-11-14,5,1,0
55,19,2024-04-11,2024-04-15,4,1,0
56,12,2024-01-14,2024-01-17,3,1,0
57,2,2023-06-01,2023-06-09,8,0,1
58,17,2024-12-05,2024-12-20,15,0,0
59,7,2023-10-11,2023-10-15,4,1,0
60,12,2023-05-09,2023-05-24,15,0,0
61,7,2024-02-02,2024-02-04,2,1,0
62,16,2024-02-12,2024-02-22,10,0,0
63,8,2024-04-14,2024-04-16,2,1,0
64,1,2024-02-03,2024-02-06,3,1,0
65,10,2023-05-12,2023-05-15,3,1,1
66,14,2024-11-07,2024-11-11,4,1,0
67,13,2023-07-29,2023-07-31,2,1,0
68,12,2024-06-26,2024-07-05,9,0,0
69,20,2023-06-09,2023-06-11,2,1,0
70,2,2023-03-17,2023-03-22,5,1,0
71,9,2023-01-11,2023-01-16,5,1,1
72,10,2023-12-13,2023-12-17,4,1,1
73,7,2024-10-15,2024-10-19,4,1,0
74,13,2023-03-22,2023-03-24,2,1,0
75,3,2023-06-09,2023-06-11,2,1,0
76,17,2023-08-03,2023-08-07,4,1,0
77,4,2023-10-02,2023-10-04,2,1,1
78,6,2024-10-25,2024-10-27,2,1,1
79,8,2023-07-11,2023-07-24,13,0,0
80,3,2023-03-18,2023-03-30,12,0,0
81,3,2024-11-03,2024-11-14,11,0,0
82,16,2023-01-11,2023-01-16,5,1,0
83,12,2024-05-08,2024-05-23,15,0,1
84,14,2024-06-26,2024-07-05,9,0,0
85,18,2023-07-05,2023-07-18,13,0,0
86,18,2024-01-05,2024-01-20,15,0,0
87,4,2024-06-22,2024-06-27,5,1,0
88,7,2023-03-01,2023-03-04,3,1,0
89,18,2023-11-18,2023-11-20,2,1,1
90,5,2023-04-15,2023-04-29,14,0,0
91,14,2024-02-12,2024-02-16,4,1,0
92,7,2023-10-02,2023-10-04,2,1,0
93,19,2024-02-20,2024-02-23,3,1,0
94,19,2023-04-09,2023-04-13,4,1,0
95,3,2024-12-18,2024-12-20,2,1,0
96,5,2023-04-09,2023-04-13,4,1,0
97,9,2023-07-20,2023-07-23,3,1,0
98,9,2023-11-26,2023-11-29,3,1,1
99,15,2023-09-28,2023-10-03,5,1,0
100,17,2024-08-26,2024-09-03,8,0,0
101,13,2023-01-03,2023-01-05,2,1,1
102,8,2024-01-18,2024-01-31,13,0,0
103,17,2024-03-03,2024-03-13,10,0,0
104,16,2023-07-14,2023-07-19,5,1,0
105,19,2023-08-13,2023-08-18,5,1,0
106,9,2023-11-16,2023-11-21,5,1,0
107,2,2023-06-27,2023-06-30,3,1,0
108,7,2024-07-18,2024-07-20,2,1,0
109,11,2024-10-17,2024-10-19,2,1,0
110,19,2024-12-24,2024-12-31,7,0,0
111,7,2023-05-09,2023-05-14,5,1,0
112,1,2023-03-10,2023-03-20,10,0,0
113,19,2023-07-01,2023-07-04,3,1,1
114,7,2024-05-24,2024-05-28,4,1,1
115,13,2024-12-26,2025-01-02,7,0,0
116,20,2024-01-16,2024-01-21,5,1,1
117,10,2024-02-01,2024-02-03,2,1,0
118,18,2024-10-13,2024-10-18,5,1,0
119,13,2023-04-11,2023-04-14,3,1,0
120,15,2024-12-08,2024-12-10,2,1,0
121,13,2023-01-05,2023-01-08,3,1,0
122,12,2024-11-17,2024-11-20,3,1,0
123,3,2023-12-16,2023-12-20,4,1,1
124,12,2023-06-24,2023-06-27,3,1,0
125,20,2024-10-30,2024-11-04,5,1,0
126,9,2024-01-11,2024-01-14,3,1,0
127,14,2024-03-15,2024-03-21,6,0,1
128,15,2023-05-10,2023-05-22,12,0,0
129,7,2024-11-23,2024-11-25,2,1,0
130,14,2023-11-12,2023-11-15,3,1,0
131,19,2023-11-30,2023-12-06,6,0,0
132,5,2024-04-21,2024-04-28,7,0,0
133,13,2024-03-11,2024-03-15,4,1,1
134,5,2023-09-06,2023-09-11,5,1,0
135,19,2024-06-12,2024-06-14,2,1,1
136,17,2023-10-26,2023-10-29,3,1,0
137,2,2023-06-19,2023-06-27,8,0,0
138,7,2024-03-23,2024-03-26,3,1,0
139,18,2024-10-03,2024-10-10,7,0,0
140,9,2024-05-10,2024-05-15,5,1,0
141,11,2024-11-08,2024-11-11,3,1,0
142,9,2023-04-22,2023-04-25,3,1,0
143,16,2023-05-07,2023-05-09,2,1,0
144,9,2024-03-13,2024-03-16,3,1,0
145,20,2023-10-04,2023-10-06,2,1,0
146,13,2024-06-24,2024-07-03,9,0,0
147,2,2024-04-11,2024-04-21,10,0,0
148,11,2024-05-09,2024-05-13,4,1,0
149,8,2023-05-30,2023-06-03,4,1,1
150,5,2023-09-27,2023-09-29,2,1,0
151,5,2023-04-17,2023-04-29,12,0,0
152,10,2024-01-10,2024-01-22,12,0,0
153,19,2024-05-18,2024-05-23,5,1,0
154,1,2024-06-26,2024-06-28,2,1,0
155,5,2024-05-24,2024-05-26,2,1,0
156,16,2023-12-10,2023-12-13,3,1,0
157,8,2024-04-14,2024-04-20,6,0,0
158,11,2023-12-06,2023-12-09,3,1,0
159,13,2023-05-29,2023-06-04,6,0,1
160,5,2023-04-06,2023-04-11,5,1,0
161,16,2024-02-26,2024-03-02,5,1,0
162,19,2024-08-04,2024-08-07,3,1,0
163,17,2023-02-05,2023-02-08,3,1,1
164,17,2023-09-29,2023-10-02,3,1,0
165,10,2023-12-26,2023-12-31,5,1,0
166,6,2024-05-22,2024-05-27,5,1,0
167,10,2024-10-01,2024-10-06,5,1,0
168,17,2024-11-28,2024-12-01,3,1,0
169,3,2023-06-22,2023-06-24,2,1,0
170,10,2024-05-15,2024-05-19,4,1,0
171,18,2024-02-11,2024-02-14,3,1,0
172,7,2023-09-30,2023-10-02,2,1,0
173,9,2023-08-13,2023-08-15,2,1,0
174,5,2023-01-27,2023-01-29,2,1,0
175,14,2023-09-24,2023-09-29,5,1,0
176,20,2024-12-15,2024-12-20,5,1,0
177,8,2023-09-06,2023-09-21,15,0,0
178,15,2024-12-27,2024-12-29,2,1,0
179,17,2023-04-05,2023-04-19,14,0,0
180,2,2024-12-21,2024-12-26,5,1,1
181,7,2023-05-20,2023-05-24,4,1,0
182,20,2024-02-11,2024-02-15,4,1,0
183,3,2024-04-24,2024-04-27,3,1,0
184,13,2024-12-10,2024-12-22,12,0,0
185,13,2024-01-15,2024-01-25,10,0,0
186,18,2023-03-29,2023-04-02,4,1,0
187,6,2023-10-03,2023-10-07,4,1,0
188,5,2023-06-19,2023-07-04,15,0,0
189,2,2023-05-06,2023-05-08,2,1,0
190,15,2023-06-03,2023-06-06,3,1,0
191,8,2023-07-30,2023-08-04,5,1,0
192,18,2024-07-22,2024-07-27,5,1,1
193,14,2023-11-22,2023-11-26,4,1,0
194,14,2023-04-28,2023-05-02,4,1,0
195,9,2024-04-13,2024-04-18,5,1,0
196,13,2024-10-26,2024-10-31,5,1,1
197,12,2023-01-27,2023-01-30,3,1,0
198,8,2024-02-20,2024-02-22,2,1,1
199,7,2024-08-20,2024-08-23,3,1,0
200,19,2023-10-03,2023-10-18,15,0,0
201,12,2023-11-09,2023-11-22,13,0,0
202,10,2024-05-06,2024-05-11,5,1,0
203,8,2023-06-03,2023-06-05,2,1,0
204,15,2024-12-07,2024-12-12,5,1,0
205,3,2023-06-17,2023-07-02,15,0,0
206,10,2024-09-28,2024-10-02,4,1,0
207,12,2024-08-08,2024-08-11,3,1,0
208,7,2024-06-19,2024-06-22,3,1,0
209,11,2024-08-18,2024-08-21,3,1,0
210,20,2023-05-01,2023-05-14,13,0,0
211,10,2024-01-21,2024-02-03,13,0,0
212,9,2024-03-29,2024-04-04,6,0,0
213,11,2024-09-20,2024-09-22,2,1,1
214,9,2024-11-15,2024-11-20,5,1,0
215,7,2024-06-03,2024-06-05,2,1,0
216,2,2024-05-14,2024-05-29,15,0,1
217,12,2023-01-27,2023-02-04,8,0,0
218,7,2024-12-24,2024-12-29,5,1,0
219,11,2024-08-10,2024-08-14,4,1,0
220,14,2024-11-03,2024-11-06,3,1,0
221,8,2023-04-23,2023-04-25,2,1,1
222,16,2023-03-31,2023-04-05,5,1,0
223,20,2023-10-15,2023-10-22,7,0,0
224,12,2023-12-18,2023-12-30,12,0,0
225,19,2023-07-14,2023-07-17,3,1,0
226,14,2024-05-02,2024-05-06,4,1,0
227,5,2023-01-29,2023-02-02,4,1,1
228,2,2024-08-27,2024-08-29,2,1,0
229,10,2024-07-30,2024-08-04,5,1,1
230,8,2024-05-23,2024-05-28,5,1,0
231,15,2024-11-23,2024-11-28,5,1,1
232,18,2023-08-15,2023-08-29,14,0,0
233,3,2024-02-07,2024-02-09,2,1,0
234,18,2024-01-18,2024-01-20,2,1,0
235,15,2023-12-31,2024-01-05,5,1,0
236,18,2023-04-03,2023-04-08,5,1,0
237,17,2024-06-24,2024-07-09,15,0,0
238,1,2024-08-13,2024-08-16,3,1,0
239,5,2023-07-05,2023-07-10,5,1,0
240,20,2023-12-01,2023-12-03,2,1,0
241,9,2024-09-13,2024-09-18,5,1,0
242,12,2023-09-03,2023-09-07,4,1,0
243,16,2023-05-14,2023-05-19,5,1,0
244,12,2023-02-05,2023-02-08,3,1,1
245,19,2024-03-18,2024-03-21,3,1,0
246,8,2024-01-25,2024-01-28,3,1,0
247,11,2023-05-29,2023-06-11,13,0,0
248,9,2024-01-26,2024-01-29,3,1,0
249,5,2024-08-16,2024-08-24,8,0,0
250,6,2024-02-11,2024-02-14,3,1,0
251,20,2024-09-12,2024-09-19,7,0,0
252,5,2024-01-14,2024-01-18,4,1,0
253,4,2023-12-21,2023-12-23,2,1,0
254,4,2023-04-25,2023-04-29,4,1,0
255,16,2024-03-27,2024-04-01,5,1,0
256,3,2024-03-09,2024-03-20,11,0,0
257,9,2024-08-18,2024-08-22,4,1,0
258,18,2023-12-03,2023-12-05,2,1,0
259,15,2024-04-27,2024-05-11,14,0,0
260,8,2023-08-28,2023-09-06,9,0,0
261,2,2023-04-09,2023-04-14,5,1,0
262,19,2023-05-15,2023-05-19,4,1,0
263,20,2023-11-30,2023-12-04,4,1,0
264,11,2024-06-05,2024-06-13,8,0,0
265,3,2023-03-12,2023-03-16,4,1,0
266,14,2024-11-20,2024-12-02,12,0,0
267,5,2024-07-19,2024-07-30,11,0,0
268,9,2023-03-06,2023-03-09,3,1,0
269,1,2023-10-17,2023-11-01,15,0,0
270,6,2024-06-18,2024-06-22,4,1,0
271,13,2023-09-09,2023-09-17,8,0,0
272,4,2024-11-24,2024-11-26,2,1,0
273,2,2023-06-19,2023-06-23,4,1,0
274,4,2024-01-03,2024-01-07,4,1,0
275,4,2023-12-10,2023-12-12,2,1,0
276,10,2023-05-05,2023-05-09,4,1,0
277,18,2023-09-16,2023-09-20,4,1,0
278,9,2023-11-23,2023-11-26,3,1,0
279,13,2023-02-10,2023-02-13,3,1,1
280,8,2024-05-01,2024-05-06,5,1,0
281,6,2023-02-20,2023-03-06,14,0,1
282,13,2024-04-03,2024-04-16,13,0,0
283,16,2024-03-07,2024-03-16,9,0,0
284,9,2023-09-12,2023-09-17,5,1,0
285,17,2023-01-14,2023-01-19,5,1,0
286,2,2023-05-21,2023-06-01,11,0,0
287,10,2023-06-14,2023-06-19,5,1,0
288,9,2023-08-20,2023-08-23,3,1,0
289,14,2023-06-01,2023-06-15,14,0,0
290,17,2023-06-28,2023-07-01,3,1,1
291,18,2024-03-01,2024-03-06,5,1,0
292,14,2024-08-02,2024-08-07,5,1,1
293,16,2024-05-04,2024-05-07,3,1,1
294,20,2023-07-08,2023-07-10,2,1,0
295,3,2024-10-16,2024-10-19,3,1,0
296,1,2023-11-20,2023-11-25,5,1,0
297,14,2024-07-22,2024-08-04,13,0,0
298,15,2024-01-17,2024-01-22,5,1,0
299,6,2023-02-15,2023-02-18,3,1,1
300,1,2024-03-08,2024-03-11,3,1,0
301,13,2023-10-24,2023-11-05,12,0,1
302,3,2024-12-30,2025-01-09,10,0,0
303,14,2024-07-12,2024-07-20,8,0,1
304,10,2023-07-27,2023-08-02,6,0,0
305,8,2023-09-24,2023-09-26,2,1,0
306,14,2023-08-04,2023-08-08,4,1,0
307,20,2024-03-04,2024-03-16,12,0,0
308,6,2023-08-30,2023-09-04,5,1,0
309,18,2023-08-13,2023-08-22,9,0,0
310,15,2024-03-11,2024-03-15,4,1,0
311,5,2023-03-31,2023-04-07,7,0,0
312,15,2023-02-01,2023-02-09,8,0,0
313,6,2024-05-04,2024-05-17,13,0,0
314,5,2023-06-12,2023-06-16,4,1,0
315,6,2024-02-11,2024-02-13,2,1,0
316,18,2023-11-30,2023-12-05,5,1,0
317,2,2023-07-25,2023-07-28,3,1,0
318,7,2023-10-04,2023-10-08,4,1,0
319,13,2024-11-16,2024-11-24,8,0,0
320,18,2024-07-17,2024-07-20,3,1,0
321,11,2023-05-23,2023-05-26,3,1,0
322,4,2023-07-30,2023-08-10,11,0,0
323,16,2023-08-03,2023-08-15,12,0,1
324,13,2023-05-14,2023-05-25,11,0,0
325,5,2023-03-29,2023-03-31,2,1,0
326,9,2023-06-29,2023-07-04,5,1,0
327,19,2023-10-12,2023-10-14,2,1,0
328,8,2024-11-05,2024-11-09,4,1,0
329,12,2024-03-12,2024-03-17,5,1,0
330,18,2024-11-22,2024-11-27,5,1,0
331,14,2023-07-27,2023-07-29,2,1,0
332,17,2024-12-20,2025-01-02,13,0,1
333,1,2024-06-05,2024-06-09,4,1,0
334,13,2023-02-25,2023-03-09,12,0,1
335,14,2024-05-28,2024-05-31,3,1,0
336,9,2024-08-27,2024-09-01,5,1,0
337,16,2023-12-07,2023-12-11,4,1,0
338,2,2023-02-11,2023-02-15,4,1,0
339,17,2023-11-17,2023-11-30,13,0,0
340,18,2023-01-12,2023-01-18,6,0,0
341,2,2024-01-04,2024-01-18,14,0,0
342,7,2023-07-24,2023-07-27,3,1,0
343,7,2023-06-28,2023-07-10,12,0,0
344,19,2024-11-18,2024-11-21,3,1,1
345,7,2023-10-25,2023-10-30,5,1,0
346,6,2023-10-31,2023-11-08,8,0,0
347,5,2023-11-22,2023-11-28,6,0,0
348,16,2024-06-21,2024-06-25,4,1,0
349,10,2023-12-14,2023-12-16,2,1,0
350,18,2023-02-26,2023-03-02,4,1,0
351,13,2024-06-02,2024-06-07,5,1,0
352,17,2024-02-28,2024-03-05,6,0,0
353,1,2024-07-30,2024-08-10,11,0,1
354,12,2023-07-16,2023-07-18,2,1,0
355,20,2024-12-11,2024-12-13,2,1,1
356,10,2023-11-18,2023-11-21,3,1,0
357,14,2024-05-26,2024-06-07,12,0,0
358,19,2024-02-02,2024-02-04,2,1,1
359,8,2023-09-23,2023-09-27,4,1,0
360,3,2024-04-24,2024-05-06,12,0,0
361,12,2024-11-12,2024-11-23,11,0,0
362,14,2024-06-28,2024-06-30,2,1,0
363,19,2024-03-09,2024-03-11,2,1,0
364,7,2023-07-08,2023-07-19,11,0,0
365,18,2023-04-29,2023-05-07,8,0,1
366,1,2024-12-01,2024-12-06,5,1,0
367,11,2024-11-11,2024-11-14,3,1,0
368,1,2024-08-08,2024-08-10,2,1,0
369,6,2024-08-08,2024-08-21,13,0,0
370,16,2023-03-29,2023-04-03,5,1,0
371,14,2024-06-11,2024-06-15,4,1,0
372,6,2024-04-24,2024-05-07,13,0,0
373,6,2023-02-21,2023-03-06,13,0,0
374,9,2023-03-02,2023-03-07,5,1,0
375,9,2024-07-11,2024-07-15,4,1,0
376,12,2024-10-13,2024-10-16,3,1,0
377,13,2024-05-17,2024-05-24,7,0,0
378,17,2023-08-20,2023-08-25,5,1,0
379,18,2023-05-02,2023-05-07,5,1,0
380,12,2023-11-18,2023-11-21,3,1,1
381,10,2024-09-06,2024-09-16,10,0,0
382,9,2023-08-19,2023-08-29,10,0,0
383,12,2023-09-28,2023-10-01,3,1,0
384,18,2024-09-30,2024-10-05,5,1,0
385,20,2024-09-23,2024-09-25,2,1,0
386,18,2024-04-19,2024-04-24,5,1,0
387,13,2023-05-13,2023-05-24,11,0,1
388,1,2024-02-02,2024-02-07,5,1,0
389,8,2024-12-06,2024-12-17,11,0,0
390,9,2023-05-10,2023-05-14,4,1,0
391,10,2024-08-25,2024-08-28,3,1,0
392,19,2024-12-06,2024-12-08,2,1,0
393,17,2023-12-18,2023-12-22,4,1,0
394,19,2024-03-05,2024-03-07,2,1,1
395,9,2023-09-09,2023-09-13,4,1,0
396,7,2024-03-30,2024-04-03,4,1,0
397,3,2023-09-25,2023-10-04,9,0,1
398,3,2023-03-04,2023-03-06,2,1,0
399,16,2024-04-05,2024-04-08,3,1,0
400,10,2024-04-09,2024-04-12,3,1,1
401,10,2024-08-17,2024-08-30,13,0,0
402,11,2024-03-11,2024-03-15,4,1,0
403,12,2023-03-14,2023-03-29,15,0,0
404,5,2023-02-22,2023-02-24,2,1,0
405,17,2024-11-15,2024-11-25,10,0,0
406,2,2024-02-29,2024-03-03,3,1,0
407,14,2023-11-01,2023-11-16,15,0,1
408,15,2024-10-28,2024-10-31,3,1,0
409,13,2023-08-27,2023-09-02,6,0,0
410,7,2023-06-16,2023-06-19,3,1,0
411,18,2024-08-27,2024-08-29,2,1,0
412,5,2024-11-26,2024-12-01,5,1,0
413,3,2023-10-04,2023-10-07,3,1,0
414,3,2024-06-16,2024-06-20,4,1,1
415,19,2023-12-11,2023-12-13,2,1,0
416,19,2024-08-20,2024-08-25,5,1,0
417,7,2023-06-08,2023-06-18,10,0,0
418,17,2023-10-25,2023-10-29,4,1,1
419,11,2023-10-29,2023-11-04,6,0,1
420,17,2024-03-14,2024-03-18,4,1,0
421,16,2023-12-05,2023-12-08,3,1,0
422,16,2023-09-30,2023-10-05,5,1,0
423,10,2024-09-24,2024-10-05,11,0,1
424,2,2024-01-20,2024-01-25,5,1,0
425,20,2023-04-22,2023-05-06,14,0,0
426,4,2023-01-09,2023-01-11,2,1,0
427,8,2024-07-25,2024-07-27,2,1,0
428,8,2024-03-09,2024-03-23,14,0,0
429,9,2024-07-25,2024-07-29,4,1,0
430,3,2024-04-16,2024-04-18,2,1,0
431,9,2023-03-26,2023-03-31,5,1,0
432,4,2024-04-11,2024-04-15,4,1,0
433,8,2023-09-15,2023-09-30,15,0,0
434,7,2024-05-14,2024-05-18,4,1,0
435,2,2023-09-15,2023-09-22,7,0,0
436,9,2023-10-26,2023-10-30,4,1,0
437,4,2023-11-01,2023-11-05,4,1,0
438,9,2023-11-01,2023-11-04,3,1,0
439,20,2024-07-02,2024-07-06,4,1,0
440,17,2024-02-29,2024-03-04,4,1,0
441,12,2024-03-10,2024-03-15,5,1,0
442,3,2024-08-06,2024-08-21,15,0,0
443,18,2024-01-23,2024-01-31,8,0,0
444,7,2023-11-16,2023-11-18,2,1,0
445,14,2023-01-13,2023-01-21,8,0,0
446,3,2023-06-27,2023-07-02,5,1,0
447,1,2024-11-30,2024-12-10,10,0,1
448,10,2024-03-15,2024-03-20,5,1,0
449,4,2023-11-23,2023-11-26,3,1,0
450,7,2024-04-17,2024-04-27,10,0,0
451,2,2023-10-20,2023-10-26,6,0,0
452,19,2023-02-20,2023-02-22,2,1,0
453,18,2024-07-16,2024-07-30,14,0,0
454,15,2023-07-23,2023-07-28,5,1,0
455,8,2023-04-04,2023-04-09,5,1,0
456,17,2023-09-06,2023-09-13,7,0,0
457,11,2023-06-06,2023-06-08,2,1,1
458,2,2023-10-15,2023-10-20,5,1,0
459,10,2024-07-16,2024-07-27,11,0,0
460,9,2023-05-22,2023-05-27,5,1,0
461,18,2023-04-12,2023-04-21,9,0,0
462,2,2023-11-20,2023-11-25,5,1,0
463,8,2024-07-17,2024-08-01,15,0,0
464,8,2023-08-05,2023-08-13,8,0,0
465,6,2024-05-22,2024-06-02,11,0,0
466,19,2023-11-06,2023-11-09,3,1,0
467,7,2023-05-06,2023-05-09,3,1,0
468,19,2024-01-05,2024-01-13,8,0,0
469,3,2024-01-09,2024-01-11,2,1,0
470,4,2023-10-26,2023-10-28,2,1,0
471,10,2024-11-14,2024-11-17,3,1,0
472,4,2023-02-21,2023-02-23,2,1,0
473,7,2024-04-14,2024-04-23,9,0,0
474,5,2024-05-26,2024-05-31,5,1,0
475,4,2023-01-31,2023-02-04,4,1,0
476,7,2023-02-11,2023-02-14,3,1,0
477,1,2023-08-08,2023-08-21,13,0,0
478,1,2024-10-11,2024-10-15,4,1,0
479,13,2024-02-09,2024-02-23,14,0,1
480,17,2024-10-14,2024-10-16,2,1,1
481,3,2024-09-09,2024-09-13,4,1,0
482,20,2024-12-17,2024-12-21,4,1,1
483,5,2023-12-07,2023-12-17,10,0,0
484,2,2024-09-11,2024-09-15,4,1,0
485,6,2024-02-19,2024-03-03,13,0,1
486,18,2024-03-08,2024-03-13,5,1,0
487,19,2023-11-15,2023-11-20,5,1,0
488,3,2023-09-22,2023-09-27,5,1,0
489,3,2024-01-26,2024-01-30,4,1,0
490,13,2024-05-04,2024-05-13,9,0,0
491,14,2023-07-24,2023-07-28,4,1,0
492,1,2023-04-30,2023-05-04,4,1,0
493,6,2024-12-14,2024-12-20,6,0,1
494,5,2023-07-02,2023-07-17,15,0,0
495,8,2023-12-26,2023-12-29,3,1,0
496,14,2023-03-05,2023-03-07,2,1,0
497,12,2024-01-27,2024-02-04,8,0,0
498,14,2024-03-11,2024-03-17,6,0,0
499,18,2023-12-08,2023-12-23,15,0,0
500,16,2023-01-24,2023-01-26,2,1,0
501,11,2024-09-16,2024-09-21,5,1,0
502,2,2024-01-16,2024-01-19,3,1,0
503,13,2024-11-03,2024-11-08,5,1,1
504,16,2024-10-06,2024-10-10,4,1,0
505,2,2023-09-23,2023-10-02,9,0,0
506,20,2024-01-11,2024-01-14,3,1,0
507,11,2023-10-25,2023-11-06,12,0,0
508,15,2023-11-17,2023-11-19,2,1,0
509,13,2024-05-26,2024-05-31,5,1,0
510,3,2024-11-12,2024-11-17,5,1,0
511,8,2024-09-13,2024-09-28,15,0,0
512,3,2024-10-08,2024-10-11,3,1,0
513,18,2024-11-24,2024-12-03,9,0,0
514,1,2023-06-27,2023-07-06,9,0,0
515,7,2024-10-21,2024-10-24,3,1,0
516,7,2024-12-24,2024-12-29,5,1,0
517,8,2024-06-02,2024-06-08,6,0,0
518,18,2024-02-29,2024-03-08,8,0,0
519,11,2023-01-19,2023-01-21,2,1,0
520,19,2023-02-11,2023-02-14,3,1,0
521,4,2023-01-12,2023-01-26,14,0,0
522,17,2023-07-22,2023-08-05,14,0,0
523,13,2024-09-14,2024-09-24,10,0,0
524,20,2024-05-27,2024-05-29,2,1,0
525,19,2024-03-09,2024-03-18,9,0,0
526,15,2023-07-10,2023-07-21,11,0,1
527,13,2024-11-25,2024-11-27,2,1,0
528,4,2023-08-17,2023-08-24,7,0,0
529,7,2023-07-15,2023-07-17,2,1,0
530,6,2024-11-25,2024-11-29,4,1,1
531,1,2024-11-09,2024-11-20,11,0,0
532,20,2023-09-19,2023-09-23,4,1,1
533,16,2024-10-05,2024-10-10,5,1,1
534,5,2024-04-07,2024-04-12,5,1,1
535,8,2023-08-12,2023-08-16,4,1,0
536,20,2023-04-18,2023-04-21,3,1,0
537,5,2024-09-17,2024-09-19,2,1,0
538,3,2024-01-07,2024-01-22,15,0,1
539,8,2023-06-10,2023-06-13,3,1,0
540,8,2023-12-09,2023-12-13,4,1,0
541,7,2023-01-02,2023-01-07,5,1,0
542,11,2024-11-11,2024-11-20,9,0,1
543,17,2023-12-20,2023-12-28,8,0,0
544,15,2023-01-01,2023-01-04,3,1,0
545,9,2023-05-29,2023-06-02,4,1,0
546,12,2023-08-26,2023-08-28,2,1,0
547,11,2023-08-25,2023-08-30,5,1,0
548,13,2023-06-17,2023-06-21,4,1,1
549,20,2024-09-01,2024-09-06,5,1,0
550,16,2023-06-22,2023-06-26,4,1,0
551,9,2024-05-04,2024-05-06,2,1,0
552,1,2024-07-13,2024-07-15,2,1,0
553,16,2023-09-09,2023-09-14,5,1,0
554,18,2024-10-17,2024-10-20,3,1,0
555,15,2023-05-07,2023-05-12,5,1,0
556,9,2024-10-21,2024-10-24,3,1,0
557,6,2024-06-18,2024-06-21,3,1,1
558,7,2024-12-29,2025-01-01,3,1,0
559,12,2023-12-30,2024-01-02,3,1,0
560,16,2023-03-15,2023-03-28,13,0,0
561,6,2024-01-14,2024-01-16,2,1,0
562,17,2023-11-12,2023-11-14,2,1,0
563,4,2023-04-23,2023-05-08,15,0,0
564,12,2023-05-03,2023-05-18,15,0,0
565,20,2024-07-30,2024-08-02,3,1,1
566,4,2024-08-29,2024-09-03,5,1,0
567,18,2024-06-29,2024-07-03,4,1,0
568,16,2024-12-15,2024-12-20,5,1,0
569,13,2024-11-17,2024-11-23,6,0,0
570,16,2024-12-10,2024-12-14,4,1,0
571,4,2023-09-05,2023-09-07,2,1,1
572,12,2023-02-27,2023-03-13,14,0,0
573,20,2023-07-11,2023-07-19,8,0,0
574,18,2023-10-15,2023-10-25,10,0,0
575,2,2024-05-11,2024-05-19,8,0,0
576,16,2023-07-04,2023-07-09,5,1,0
577,16,2024-02-26,2024-03-02,5,1,0
578,10,2023-05-18,2023-05-23,5,1,0
579,9,2023-11-03,2023-11-07,4,1,0
580,7,2024-09-11,2024-09-14,3,1,0
581,11,2023-12-17,2024-01-01,15,0,0
582,20,2024-05-31,2024-06-04,4,1,0
583,20,2023-04-03,2023-04-08,5,1,0
584,12,2024-02-19,2024-02-23,4,1,0
585,19,2024-12-18,2024-12-22,4,1,0
586,14,2023-11-19,2023-11-24,5,1,0
587,6,2024-06-13,2024-06-27,14,0,0
588,2,2024-08-23,2024-08-25,2,1,0
589,12,2024-07-23,2024-07-28,5,1,0
590,18,2024-02-02,2024-02-05,3,1,0
591,2,2024-01-30,2024-02-12,13,0,0
592,10,2023-10-01,2023-10-04,3,1,0
593,6,2024-06-27,2024-07-04,7,0,1
594,15,2024-07-31,2024-08-05,5,1,0
595,11,2023-01-29,2023-01-31,2,1,0
596,2,2024-10-19,2024-10-23,4,1,0
597,18,2023-08-11,2023-08-13,2,1,0
598,19,2024-01-05,2024-01-12,7,0,0
599,10,2024-01-15,2024-01-20,5,1,0
600,18,2023-08-03,2023-08-06,3,1,1
601,5,2024-08-28,2024-09-01,4,1,0
602,15,2024-06-12,2024-06-16,4,1,0
603,1,2024-06-30,2024-07-04,4,1,0
604,6,2024-05-22,2024-05-30,8,0,0
605,14,2023-05-14,2023-05-28,14,0,0
606,8,2024-05-15,2024-05-18,3,1,0
607,5,2024-04-07,2024-04-16,9,0,0
608,20,2024-12-27,2025-01-09,13,0,0
609,15,2024-12-12,2024-12-14,2,1,0
610,10,2023-10-06,2023-10-19,13,0,0
611,15,2023-03-09,2023-03-11,2,1,1
612,20,2023-01-26,2023-01-30,4,1,0
613,18,2023-05-29,2023-05-31,2,1,1
614,14,2024-09-05,2024-09-17,12,0,0
615,9,2023-05-12,2023-05-14,2,1,0
616,3,2023-06-03,2023-06-08,5,1,0
617,4,2024-11-08,2024-11-11,3,1,0
618,18,2023-11-07,2023-11-10,3,1,1
619,20,2024-04-22,2024-04-24,2,1,0
620,3,2023-08-20,2023-09-02,13,0,0
621,1,2023-02-02,2023-02-16,14,0,0
622,15,2023-10-08,2023-10-11,3,1,0
623,17,2024-12-30,2025-01-01,2,1,0
624,17,2023-03-17,2023-03-25,8,0,0
625,2,2023-12-16,2023-12-24,8,0,1
626,4,2023-04-07,2023-04-11,4,1,0
627,8,2023-10-08,2023-10-13,5,1,0
628,5,2023-11-07,2023-11-09,2,1,0
629,13,2024-08-22,2024-09-01,10,0,0
630,14,2024-10-16,2024-10-30,14,0,0
631,15,2023-06-01,2023-06-06,5,1,0
632,19,2024-11-08,2024-11-21,13,0,1
633,12,2023-03-23,2023-03-25,2,1,0
634,10,2023-07-15,2023-07-23,8,0,1
635,11,2023-07-24,2023-07-26,2,1,1
636,13,2023-08-25,2023-09-02,8,0,0
637,12,2024-05-19,2024-05-23,4,1,0
638,19,2023-04-13,2023-04-26,13,0,0
639,1,2024-03-08,2024-03-13,5,1,0
640,13,2023-03-01,2023-03-04,3,1,1
641,17,2023-11-24,2023-11-26,2,1,0
642,13,2023-04-19,2023-04-22,3,1,0
643,17,2023-03-27,2023-03-30,3,1,0
644,20,2023-03-23,2023-03-26,3,1,0
645,19,2024-04-22,2024-04-27,5,1,0
646,15,2023-04-02,2023-04-06,4,1,0
647,20,2023-09-27,2023-10-02,5,1,0
648,1,2024-10-26,2024-10-29,3,1,0
649,8,2023-04-28,2023-05-08,10,0,0
650,9,2024-11-27,2024-12-02,5,1,0
651,16,2024-01-16,2024-01-24,8,0,0
652,10,2024-03-11,2024-03-14,3,1,0
653,1,2023-04-22,2023-05-05,13,0,0
654,6,2023-10-29,2023-10-31,2,1,0
655,20,2023-10-13,2023-10-16,3,1,0
656,4,2023-08-22,2023-08-26,4,1,0
657,3,2024-09-21,2024-10-05,14,0,0
658,6,2024-03-11,2024-03-14,3,1,1
659,20,2023-12-11,2023-12-14,3,1,0
660,11,2024-08-14,2024-08-16,2,1,0
661,12,2023-10-26,2023-11-10,15,0,0
662,8,2024-02-03,2024-02-12,9,0,0
663,12,2023-03-19,2023-03-24,5,1,0
664,6,2023-12-30,2024-01-04,5,1,0
665,6,2024-11-22,2024-12-02,10,0,1
666,8,2024-01-20,2024-01-24,4,1,0
667,3,2024-03-19,2024-03-23,4,1,0
668,2,2023-03-22,2023-03-24,2,1,0
669,15,2023-09-15,2023-09-17,2,1,0
670,14,2024-11-17,2024-11-19,2,1,0
671,13,2023-12-09,2023-12-18,9,0,1
672,12,2023-06-18,2023-06-23,5,1,0
673,16,2024-06-29,2024-07-01,2,1,0
674,8,2024-07-08,2024-07-11,3,1,0
675,17,2023-08-25,2023-09-05,11,0,0
676,20,2024-01-13,2024-01-26,13,0,0
677,14,2024-01-05,2024-01-08,3,1,0
678,8,2024-07-10,2024-07-13,3,1,0
679,18,2024-03-26,2024-03-28,2,1,1
680,6,2024-08-11,2024-08-22,11,0,1
681,16,2024-03-01,2024-03-14,13,0,0
682,5,2024-03-07,2024-03-12,5,1,0
683,13,2023-05-21,2023-05-26,5,1,0
684,4,2023-07-30,2023-08-03,4,1,0
685,2,2023-08-14,2023-08-25,11,0,0
686,7,2024-06-14,2024-06-20,6,0,1
687,7,2024-07-31,2024-08-03,3,1,0
688,3,2024-02-27,2024-03-11,13,0,0
689,2,2024-03-12,2024-03-16,4,1,0
690,14,2023-05-05,2023-05-20,15,0,0
691,4,2024-09-08,2024-09-13,5,1,0
692,12,2023-03-12,2023-03-15,3,1,0
693,19,2024-03-17,2024-03-20,3,1,0
694,1,2023-05-16,2023-05-19,3,1,1
695,18,2023-12-28,2024-01-01,4,1,1
696,8,2024-11-20,2024-11-25,5,1,0
697,7,2023-10-18,2023-10-20,2,1,0
698,10,2023-10-04,2023-10-06,2,1,1
699,13,2024-10-25,2024-10-27,2,1,0
700,1,2023-03-01,2023-03-09,8,0,0
701,19,2024-08-05,2024-08-09,4,1,1
702,13,2024-04-25,2024-05-09,14,0,1
703,3,2024-10-09,2024-10-13,4,1,0
704,16,2023-05-12,2023-05-14,2,1,0
705,3,2023-01-23,2023-02-07,15,0,0
706,12,2023-12-12,2023-12-26,14,0,1
707,17,2023-02-24,2023-03-10,14,0,1
708,13,2024-04-22,2024-04-26,4,1,1
709,7,2024-10-09,2024-10-11,2,1,0
710,15,2023-01-29,2023-02-13,15,0,0
711,16,2023-07-12,2023-07-17,5,1,0
712,19,2024-12-01,2024-12-11,10,0,0
713,7,2023-05-02,2023-05-07,5,1,0
714,7,2024-03-19,2024-03-24,5,1,0
715,2,2024-05-22,2024-05-31,9,0,0
716,13,2024-11-18,2024-11-26,8,0,0
717,9,2023-05-06,2023-05-09,3,1,0
718,10,2024-04-08,2024-04-12,4,1,0
719,5,2023-05-04,2023-05-17,13,0,0
720,2,2023-04-12,2023-04-15,3,1,0
721,13,2024-04-05,2024-04-10,5,1,0
722,20,2023-07-30,2023-08-04,5,1,0
723,7,2023-11-27,2023-12-01,4,1,0
724,15,2024-10-29,2024-11-07,9,0,0
725,4,2023-07-30,2023-08-04,5,1,0
726,14,2024-06-24,2024-06-26,2,1,1
727,10,2024-03-29,2024-04-03,5,1,0
728,14,2023-03-21,2023-03-23,2,1,0
729,5,2024-12-21,2024-12-24,3,1,0
730,6,2023-01-11,2023-01-17,6,0,1
731,10,2023-04-14,2023-04-17,3,1,0
732,2,2023-10-02,2023-10-06,4,1,0
733,4,2024-02-07,2024-02-11,4,1,0
734,5,2023-03-02,2023-03-06,4,1,1
735,3,2023-06-07,2023-06-09,2,1,0
736,7,2023-08-01,2023-08-04,3,1,0
737,7,2023-02-01,2023-02-03,2,1,0
738,7,2023-11-16,2023-11-20,4,1,0
739,2,2024-01-23,2024-01-28,5,1,0
740,6,2024-06-17,2024-06-26,9,0,0
741,17,2024-04-11,2024-04-22,11,0,0
742,7,2024-09-23,2024-09-28,5,1,0
743,2,2024-10-02,2024-10-06,4,1,0
744,12,2023-05-22,2023-05-25,3,1,0
745,11,2024-04-27,2024-04-29,2,1,0
746,18,2023-03-26,2023-03-31,5,1,0
747,17,2024-03-14,2024-03-19,5,1,0
748,5,2024-06-08,2024-06-12,4,1,0
749,13,2023-09-24,2023-10-07,13,0,0
750,11,2023-12-07,2023-12-09,2,1,0
751,19,2024-05-25,2024-05-29,4,1,0
752,16,2024-09-23,2024-09-27,4,1,0
753,6,2024-11-11,2024-11-23,12,0,1
754,14,2024-12-17,2025-01-01,15,0,0
755,19,2024-07-31,2024-08-04,4,1,0
756,10,2024-08-28,2024-09-01,4,1,0
757,11,2023-10-07,2023-10-09,2,1,0
758,17,2024-10-02,2024-10-06,4,1,0
759,15,2023-11-30,2023-12-03,3,1,1
760,19,2023-10-01,2023-10-03,2,1,0
761,20,2024-08-02,2024-08-11,9,0,0
762,16,2024-01-20,2024-01-23,3,1,0
763,7,2024-07-15,2024-07-20,5,1,0
764,14,2024-02-07,2024-02-13,6,0,0
765,5,2023-12-12,2023-12-15,3,1,0
766,3,2023-07-13,2023-07-17,4,1,0
767,4,2023-08-20,2023-08-25,5,1,0
768,19,2023-05-04,2023-05-07,3,1,0
769,3,2023-02-28,2023-03-09,9,0,0
770,10,2024-11-11,2024-11-14,3,1,0
771,4,2023-12-29,2024-01-03,5,1,0
772,9,2023-11-19,2023-11-22,3,1,0
773,13,2024-05-11,2024-05-19,8,0,0
774,4,2023-05-09,2023-05-13,4,1,0
775,13,2024-09-12,2024-09-22,10,0,0
776,14,2023-02-11,2023-02-14,3,1,1
777,7,2024-03-09,2024-03-13,4,1,0
778,14,2023-07-02,2023-07-17,15,0,0
779,11,2023-12-25,2024-01-06,12,0,0
780,5,2023-10-24,2023-11-03,10,0,1
781,9,2024-04-02,2024-04-07,5,1,0
782,18,2023-06-09,2023-06-11,2,1,0
783,11,2023-10-16,2023-10-20,4,1,0
784,10,2024-11-03,2024-11-16,13,0,1
785,1,2023-02-18,2023-02-23,5,1,0
786,20,2023-05-09,2023-05-13,4,1,0
787,1,2024-06-25,2024-06-30,5,1,0
788,7,2023-09-12,2023-09-15,3,1,0
789,3,2024-11-19,2024-11-24,5,1,0
790,10,2024-08-15,2024-08-20,5,1,0
791,17,2024-03-26,2024-03-31,5,1,0
792,12,2024-07-07,2024-07-10,3,1,0
793,8,2024-12-01,2024-12-16,15,0,1
794,18,2023-09-05,2023-09-09,4,1,1
795,17,2023-02-02,2023-02-06,4,1,1
796,4,2024-09-25,2024-09-30,5,1,0
797,17,2023-01-28,2023-02-05,8,0,0
798,20,2024-09-08,2024-09-19,11,0,1
799,19,2024-10-19,2024-10-25,6,0,0
800,16,2023-05-29,2023-05-31,2,1,0
801,4,2024-05-19,2024-05-23,4,1,0
802,8,2023-09-01,2023-09-06,5,1,0
803,19,2024-05-08,2024-05-23,15,0,0
804,8,2024-05-29,2024-06-02,4,1,0
805,18,2024-02-16,2024-02-21,5,1,0
806,3,2024-10-31,2024-11-04,4,1,0
807,11,2024-12-26,2025-01-08,13,0,0
808,4,2024-07-27,2024-08-01,5,1,0
809,8,2024-09-19,2024-09-21,2,1,0
810,15,2023-03-17,2023-03-28,11,0,0
811,3,2023-12-29,2024-01-01,3,1,0
812,16,2024-05-04,2024-05-09,5,1,0
813,19,2024-05-06,2024-05-15,9,0,0
814,13,2023-11-28,2023-12-08,10,0,0
815,8,2023-06-21,2023-06-23,2,1,0
816,16,2024-06-17,2024-06-19,2,1,0
817,7,2023-05-10,2023-05-13,3,1,0
818,6,2023-03-23,2023-03-25,2,1,0
819,8,2023-04-25,2023-05-02,7,0,0
820,19,2024-05-25,2024-05-30,5,1,0
821,4,2023-08-19,2023-08-21,2,1,0
822,4,2023-07-26,2023-08-07,12,0,0
823,15,2024-06-20,2024-06-30,10,0,1
824,8,2023-10-17,2023-10-29,12,0,0
825,10,2024-06-01,2024-06-13,12,0,0
826,9,2023-03-02,2023-03-06,4,1,0
827,17,2023-12-04,2023-12-08,4,1,0
828,2,2024-07-16,2024-07-29,13,0,0
829,11,2023-08-19,2023-08-24,5,1,0
830,2,2023-08-17,2023-08-19,2,1,0
831,4,2024-04-23,2024-05-05,12,0,0
832,17,2024-03-18,2024-03-20,2,1,0
833,3,2024-07-28,2024-07-31,3,1,1
834,1,2023-01-08,2023-01-11,3,1,0
835,7,2024-11-07,2024-11-12,5,1,0
836,2,2024-11-17,2024-11-21,4,1,0
837,14,2023-12-17,2023-12-22,5,1,0
838,2,2023-03-19,2023-03-27,8,0,0
839,18,2023-06-27,2023-07-01,4,1,0
840,15,2024-05-24,2024-05-29,5,1,0
841,17,2023-06-26,2023-06-30,4,1,1
842,3,2024-04-23,2024-04-26,3,1,0
843,10,2023-07-11,2023-07-13,2,1,1
844,1,2023-12-20,2024-01-03,14,0,1
845,13,2024-03-20,2024-03-24,4,1,0
846,11,2024-05-09,2024-05-14,5,1,0
847,16,2024-07-05,2024-07-08,3,1,0
848,15,2023-09-14,2023-09-27,13,0,0
849,6,2024-07-30,2024-08-05,6,0,1
850,5,2024-01-15,2024-01-18,3,1,0
851,14,2023-06-09,2023-06-11,2,1,1
852,9,2024-10-03,2024-10-06,3,1,0
853,7,2023-06-08,2023-06-20,12,0,0
854,3,2024-11-13,2024-11-15,2,1,0
855,6,2023-10-07,2023-10-21,14,0,0
856,13,2023-10-14,2023-10-29,15,0,0
857,20,2024-07-13,2024-07-18,5,1,0
858,16,2023-10-24,2023-10-28,4,1,0
859,8,2023-03-19,2023-03-23,4,1,0
860,13,2024-01-21,2024-01-31,10,0,0
861,20,2023-03-17,2023-03-22,5,1,0
862,13,2023-11-28,2023-12-07,9,0,0
863,7,2024-07-03,2024-07-08,5,1,0
864,19,2023-10-13,2023-10-15,2,1,0
865,5,2023-11-08,2023-11-11,3,1,0
866,20,2024-11-14,2024-11-19,5,1,0
867,2,2024-10-10,2024-10-24,14,0,0
868,7,2024-10-04,2024-10-19,15,0,0
869,11,2024-12-05,2024-12-10,5,1,1
870,7,2024-11-03,2024-11-07,4,1,0
871,8,2024-02-04,2024-02-12,8,0,0
872,16,2023-10-04,2023-10-06,2,1,0
873,6,2023-12-03,2023-12-10,7,0,0
874,1,2023-10-07,2023-10-09,2,1,0
875,2,2023-06-30,2023-07-06,6,0,0
876,5,2024-02-03,2024-02-05,2,1,0
877,19,2024-11-02,2024-11-06,4,1,0
878,15,2023-02-15,2023-02-18,3,1,0
879,2,2024-04-23,2024-04-26,3,1,0
880,12,2024-11-17,2024-11-19,2,1,0
881,8,2023-07-07,2023-07-12,5,1,1
882,20,2024-12-03,2024-12-10,7,0,1
883,2,2023-06-22,2023-06-25,3,1,0
884,16,2023-10-27,2023-10-31,4,1,0
885,11,2024-06-09,2024-06-12,3,1,0
886,10,2023-02-13,2023-02-17,4,1,0
887,8,2023-01-09,2023-01-14,5,1,0
888,12,2023-02-07,2023-02-09,2,1,0
889,5,2024-03-22,2024-03-24,2,1,0
890,16,2024-09-10,2024-09-15,5,1,0
891,19,2023-02-16,2023-02-18,2,1,0
892,17,2023-01-02,2023-01-09,7,0,0
893,4,2024-01-08,2024-01-23,15,0,0
894,15,2023-02-09,2023-02-13,4,1,0
895,14,2023-06-19,2023-06-29,10,0,0
896,20,2024-01-02,2024-01-05,3,1,0
897,16,2024-11-18,2024-11-22,4,1,0
898,4,2024-06-19,2024-06-24,5,1,0
899,1,2024-09-07,2024-09-18,11,0,0
900,1,2024-12-28,2025-01-06,9,0,1
901,17,2024-04-05,2024-04-10,5,1,0
902,3,2023-08-06,2023-08-08,2,1,1
903,9,2024-10-30,2024-11-03,4,1,0
904,12,2023-12-10,2023-12-24,14,0,1
905,13,2023-08-11,2023-08-21,10,0,0
906,20,2023-03-15,2023-03-18,3,1,1
907,5,2023-12-17,2023-12-21,4,1,0
908,11,2024-05-22,2024-05-26,4,1,0
909,4,2023-08-18,2023-08-22,4,1,0
910,3,2023-03-09,2023-03-19,10,0,0
911,10,2024-05-30,2024-06-06,7,0,1
912,16,2024-08-16,2024-08-18,2,1,0
913,1,2023-11-20,2023-11-25,5,1,0
914,4,2024-01-05,2024-01-09,4,1,0
915,2,2023-10-25,2023-10-29,4,1,0
916,18,2023-08-25,2023-09-07,13,0,0
917,18,2023-09-08,2023-09-13,5,1,0
918,13,2024-12-22,2025-01-05,14,0,1
919,11,2024-08-24,2024-08-29,5,1,0
920,18,2024-10-14,2024-10-18,4,1,0
921,8,2023-08-08,2023-08-12,4,1,0
922,10,2023-10-26,2023-10-29,3,1,0
923,15,2024-02-24,2024-02-29,5,1,1
924,13,2023-03-10,2023-03-14,4,1,0
925,2,2024-06-13,2024-06-20,7,0,0
926,7,2023-10-07,2023-10-12,5,1,0
927,4,2024-11-03,2024-11-08,5,1,0
928,6,2023-07-17,2023-07-31,14,0,0
929,15,2023-01-04,2023-01-19,15,0,0
930,13,2024-10-01,2024-10-10,9,0,0
931,9,2024-03-30,2024-04-02,3,1,1
932,16,2023-05-04,2023-05-06,2,1,0
933,10,2023-10-02,2023-10-07,5,1,0
934,4,2023-12-31,2024-01-14,14,0,0
935,8,2023-04-18,2023-04-23,5,1,0
936,1,2023-04-16,2023-04-20,4,1,0
937,16,2024-03-09,2024-03-14,5,1,0
938,13,2023-02-15,2023-02-27,12,0,0
939,5,2023-11-10,2023-11-19,9,0,1
940,16,2023-08-30,2023-09-03,4,1,0
941,18,2023-10-23,2023-10-26,3,1,0
942,8,2024-10-05,2024-10-10,5,1,0
943,12,2023-05-31,2023-06-07,7,0,0
944,7,2024-12-10,2024-12-14,4,1,0
945,1,2024-08-02,2024-08-07,5,1,1
946,19,2023-12-03,2023-12-17,14,0,0
947,7,2024-05-10,2024-05-13,3,1,0
948,10,2024-09-05,2024-09-14,9,0,0
949,14,2024-07-19,2024-07-22,3,1,0
950,5,2024-09-14,2024-09-24,10,0,0
951,9,2023-01-08,2023-01-10,2,1,0
952,3,2024-10-11,2024-10-16,5,1,0
953,7,2024-01-29,2024-01-31,2,1,0
954,3,2024-07-10,2024-07-19,9,0,0
955,18,2023-05-24,2023-05-28,4,1,0
956,13,2023-08-01,2023-08-06,5,1,0
957,17,2023-07-15,2023-07-24,9,0,0
958,9,2023-04-30,2023-05-02,2,1,0
959,17,2024-11-03,2024-11-06,3,1,0
960,12,2023-08-19,2023-08-21,2,1,0
961,20,2023-07-22,2023-07-24,2,1,0
962,18,2023-03-28,2023-03-31,3,1,0
963,14,2024-08-14,2024-08-18,4,1,0
964,6,2023-10-01,2023-10-07,6,0,0
965,5,2024-10-13,2024-10-16,3,1,0
966,6,2023-07-20,2023-07-31,11,0,1
967,13,2023-06-06,2023-06-18,12,0,0
968,8,2023-03-26,2023-03-29,3,1,0
969,3,2024-01-27,2024-01-29,2,1,0
970,3,2023-07-03,2023-07-12,9,0,0
971,17,2024-06-19,2024-06-21,2,1,0
972,5,2023-11-14,2023-11-16,2,1,0
973,12,2024-12-21,2024-12-28,7,0,0
974,9,2023-05-15,2023-05-20,5,1,0
975,1,2023-04-03,2023-04-05,2,1,0
976,17,2024-12-04,2024-12-09,5,1,1
977,6,2023-05-25,2023-06-02,8,0,1
978,9,2023-08-09,2023-08-14,5,1,0
979,3,2023-12-15,2023-12-25,10,0,0
980,16,2023-01-27,2023-01-29,2,1,0
981,15,2024-02-05,2024-02-09,4,1,0
982,1,2024-04-24,2024-04-28,4,1,0
983,5,2024-01-01,2024-01-05,4,1,1
984,18,2024-09-21,2024-09-25,4,1,0
985,10,2024-03-14,2024-03-19,5,1,1
986,14,2024-11-01,2024-11-04,3,1,0
987,20,2024-06-04,2024-06-07,3,1,0
988,10,2023-10-06,2023-10-11,5,1,0
989,7,2023-05-26,2023-05-28,2,1,0
990,12,2023-10-03,2023-10-08,5,1,0
991,13,2024-02-28,2024-03-06,7,0,0
992,1,2023-10-10,2023-10-22,12,0,0
993,18,2023-06-22,2023-06-26,4,1,1
994,9,2023-12-30,2024-01-01,2,1,0
995,17,2024-08-30,2024-09-04,5,1,0
996,12,2023-01-24,2023-01-26,2,1,0
997,10,2024-11-07,2024-11-09,2,1,0
998,1,2023-07-17,2023-07-22,5,1,0
999,2,2023-05-27,2023-06-04,8,0,0
1000,19,2024-04-29,2024-05-10,11,0,0
1001,12,2024-07-02,2024-07-04,2,1,0
1002,19,2024-01-19,2024-01-29,10,0,0
1003,3,2024-12-02,2024-12-06,4,1,0
1004,6,2023-01-12,2023-01-17,5,1,1
1005,4,2023-06-15,2023-06-17,2,1,0
1006,11,2023-03-08,2023-03-10,2,1,0
1007,13,2023-03-23,2023-03-29,6,0,0
1008,2,2023-02-11,2023-02-15,4,1,0
1009,6,2024-09-09,2024-09-11,2,1,0
1010,18,2023-04-15,2023-04-29,14,0,0
1011,19,2023-10-20,2023-10-29,9,0,0
1012,14,2023-06-27,2023-07-06,9,0,0
1013,10,2024-02-07,2024-02-10,3,1,0
1014,15,2023-11-06,2023-11-13,7,0,0
1015,5,2024-04-22,2024-04-24,2,1,0
1016,3,2023-01-13,2023-01-22,9,0,0
1017,1,2024-09-27,2024-10-11,14,0,1
1018,8,2024-01-16,2024-01-28,12,0,0
1019,8,2024-06-14,2024-06-16,2,1,0
1020,3,2024-05-12,2024-05-15,3,1,0
1021,10,2023-05-05,2023-05-09,4,1,0
1022,8,2024-01-05,2024-01-10,5,1,0
1023,1,2024-07-27,2024-08-01,5,1,0
1024,4,2024-09-07,2024-09-10,3,1,0
1025,16,2024-09-22,2024-09-25,3,1,0
1026,17,2023-05-19,2023-05-28,9,0,0
1027,18,2024-01-28,2024-01-31,3,1,0
1028,15,2023-03-17,2023-03-21,4,1,0
1029,7,2023-11-08,2023-11-12,4,1,0
1030,11,2024-12-21,2024-12-23,2,1,0
1031,5,2024-12-22,2024-12-26,4,1,0
1032,20,2023-01-21,2023-02-04,14,0,0
1033,13,2023-08-15,2023-08-28,13,0,0
1034,13,2024-09-17,2024-09-30,13,0,0
1035,4,2023-01-11,2023-01-15,4,1,0
1036,7,2023-11-20,2023-11-24,4,1,0
1037,11,2024-03-31,2024-04-03,3,1,1
1038,5,2024-06-15,2024-06-22,7,0,0
1039,15,2024-06-24,2024-06-28,4,1,0
1040,15,2023-09-25,2023-09-29,4,1,0
1041,2,2024-12-01,2024-12-03,2,1,0
1042,8,2024-06-18,2024-06-20,2,1,0
1043,19,2024-02-08,2024-02-23,15,0,1
1044,17,2024-04-12,2024-04-14,2,1,0
1045,3,2023-12-24,2023-12-26,2,1,1
1046,6,2024-04-30,2024-05-10,10,0,1
1047,2,2023-03-03,2023-03-12,9,0,0
1048,4,2024-10-20,2024-10-25,5,1,0
1049,9,2024-07-31,2024-08-06,6,0,0
1050,17,2023-11-23,2023-11-28,5,1,0
1051,19,2024-06-17,2024-06-20,3,1,0
1052,16,2023-03-27,2023-03-30,3,1,0
1053,1,2024-03-21,2024-03-23,2,1,0
1054,6,2023-03-24,2023-04-01,8,0,0
1055,19,2023-07-28,2023-08-03,6,0,1
1056,6,2024-11-24,2024-11-27,3,1,1
1057,6,2023-02-21,2023-02-24,3,1,0
1058,2,2023-06-12,2023-06-22,10,0,0
1059,18,2024-05-11,2024-05-24,13,0,0
1060,14,2023-02-16,2023-03-03,15,0,0
1061,18,2023-09-09,2023-09-14,5,1,1
1062,15,2024-04-14,2024-04-17,3,1,0
1063,1,2023-09-13,2023-09-25,12,0,0
1064,16,2023-05-08,2023-05-13,5,1,0
1065,18,2023-10-28,2023-11-01,4,1,0
1066,18,2024-04-22,2024-04-26,4,1,0
1067,5,2023-07-16,2023-07-21,5,1,0
1068,15,2023-01-11,2023-01-25,14,0,0
1069,7,2024-08-08,2024-08-10,2,1,0
1070,17,2023-02-18,2023-03-03,13,0,0
1071,2,2023-07-10,2023-07-13,3,1,0
1072,2,2023-12-24,2023-12-28,4,1,0
1073,9,2023-06-03,2023-06-18,15,0,0
1074,8,2023-10-12,2023-10-16,4,1,0
1075,11,2024-01-27,2024-01-29,2,1,0
1076,14,2023-02-17,2023-02-19,2,1,0
1077,20,2023-03-06,2023-03-12,6,0,0
1078,10,2023-05-16,2023-05-25,9,0,0
1079,13,2023-06-16,2023-06-19,3,1,1
1080,13,2024-06-18,2024-06-21,3,1,1
1081,13,2024-12-29,2025-01-01,3,1,0
1082,19,2023-12-07,2023-12-20,13,0,0
1083,8,2024-01-10,2024-01-22,12,0,0
1084,14,2024-05-12,2024-05-15,3,1,0
1085,2,2023-06-06,2023-06-09,3,1,0
1086,3,2024-08-01,2024-08-03,2,1,0
1087,4,2023-05-27,2023-06-01,5,1,0
1088,15,2023-07-24,2023-07-26,2,1,0
1089,17,2024-11-14,2024-11-16,2,1,0
1090,20,2023-09-21,2023-09-28,7,0,0
1091,8,2023-06-08,2023-06-11,3,1,1
1092,11,2024-12-29,2025-01-02,4,1,0
1093,5,2023-04-17,2023-04-20,3,1,0
1094,7,2024-02-17,2024-02-21,4,1,0
1095,13,2023-11-15,2023-11-19,4,1,0
1096,20,2024-04-09,2024-04-19,10,0,1
1097,4,2023-06-11,2023-06-15,4,1,0
1098,4,2023-09-03,2023-09-07,4,1,0
1099,20,2024-04-13,2024-04-21,8,0,1
1100,14,2024-08-02,2024-08-04,2,1,0
1101,4,2023-07-02,2023-07-07,5,1,0
1102,16,2023-05-15,2023-05-20,5,1,0
1103,14,2024-04-23,2024-05-01,8,0,0
1104,5,2024-10-12,2024-10-16,4,1,1
1105,6,2023-08-07,2023-08-18,11,0,0
1106,7,2024-08-02,2024-08-07,5,1,0
1107,20,2023-08-07,2023-08-10,3,1,0
1108,10,2023-01-07,2023-01-22,15,0,1
1109,10,2024-04-25,2024-05-05,10,0,0
1110,13,2024-01-31,2024-02-06,6,0,0
1111,8,2024-10-12,2024-10-14,2,1,0
1112,9,2023-12-13,2023-12-18,5,1,0
1113,9,2023-01-12,2023-01-17,5,1,0
1114,4,2024-06-28,2024-06-30,2,1,0
1115,5,2024-06-06,2024-06-08,2,1,0
1116,17,2024-12-29,2025-01-10,12,0,0
1117,3,2023-08-14,2023-08-16,2,1,0
1118,9,2024-01-30,2024-02-12,13,0,0
1119,2,2024-12-21,2024-12-29,8,0,0
1120,12,2024-08-24,2024-08-28,4,1,1
1121,1,2023-05-18,2023-05-31,13,0,1
1122,9,2024-08-28,2024-09-02,5,1,0
1123,9,2023-04-04,2023-04-07,3,1,0
1124,13,2024-07-22,2024-08-03,12,0,1
1125,11,2024-11-25,2024-11-29,4,1,0
1126,14,2023-12-29,2024-01-01,3,1,0
1127,6,2024-12-05,2024-12-18,13,0,0
1128,4,2024-08-10,2024-08-22,12,0,0
1129,7,2023-11-18,2023-11-22,4,1,0
1130,15,2023-09-21,2023-10-02,11,0,0
1131,13,2024-09-23,2024-09-28,5,1,1
1132,15,2024-11-23,2024-12-06,13,0,0
1133,3,2023-02-21,2023-02-25,4,1,0
1134,17,2024-07-23,2024-07-28,5,1,0
1135,1,2024-04-10,2024-04-12,2,1,0
1136,11,2024-09-11,2024-09-20,9,0,0
1137,11,2024-07-24,2024-08-06,13,0,0
1138,11,2024-03-23,2024-03-27,4,1,1
1139,1,2023-02-04,2023-02-09,5,1,0
1140,15,2024-11-20,2024-11-25,5,1,0
1141,17,2024-03-24,2024-03-29,5,1,0
1142,11,2023-06-30,2023-07-13,13,0,0
1143,5,2023-04-21,2023-04-25,4,1,0
1144,5,2024-06-26,2024-06-28,2,1,0
1145,11,2023-02-14,2023-02-23,9,0,0
1146,11,2024-04-13,2024-04-21,8,0,0
1147,9,2024-07-06,2024-07-17,11,0,0
1148,12,2024-07-23,2024-07-27,4,1,1
1149,5,2023-02-11,2023-02-14,3,1,0
1150,9,2023-07-14,2023-07-17,3,1,0
1151,20,2023-03-19,2023-03-23,4,1,0
1152,16,2024-10-15,2024-10-19,4,1,0
1153,18,2023-04-19,2023-04-21,2,1,0
1154,4,2023-02-19,2023-03-03,12,0,0
1155,13,2024-01-03,2024-01-11,8,0,0
1156,7,2024-09-07,2024-09-09,2,1,0
1157,2,2024-06-05,2024-06-07,2,1,0
1158,15,2024-07-04,2024-07-09,5,1,1
1159,19,2024-01-16,2024-01-19,3,1,0
1160,19,2023-01-20,2023-01-22,2,1,0
1161,8,2024-06-29,2024-07-01,2,1,0
1162,12,2024-08-30,2024-09-01,2,1,0
1163,8,2024-12-30,2025-01-03,4,1,0
1164,20,2023-05-04,2023-05-06,2,1,0
1165,9,2023-09-26,2023-09-30,4,1,0
1166,16,2023-08-08,2023-08-10,2,1,0
1167,19,2024-03-13,2024-03-16,3,1,0
1168,19,2023-01-31,2023-02-15,15,0,0
1169,15,2023-06-23,2023-06-27,4,1,0
1170,12,2023-12-18,2023-12-21,3,1,0
1171,9,2023-04-14,2023-04-17,3,1,1
1172,11,2023-06-12,2023-06-21,9,0,1
1173,4,2023-06-15,2023-06-17,2,1,0
1174,13,2023-11-04,2023-11-09,5,1,1
1175,7,2024-04-18,2024-04-23,5,1,0
1176,12,2023-04-21,2023-04-25,4,1,0
1177,11,2023-01-22,2023-01-26,4,1,1
1178,7,2024-05-13,2024-05-16,3,1,0
1179,10,2023-01-18,2023-01-21,3,1,0
1180,16,2024-03-22,2024-03-27,5,1,0
1181,11,2024-02-05,2024-02-17,12,0,0
1182,13,2024-06-09,2024-06-16,7,0,0
1183,1,2023-07-26,2023-07-31,5,1,0
1184,16,2023-07-25,2023-07-29,4,1,1
1185,20,2023-10-08,2023-10-11,3,1,0
1186,19,2023-03-27,2023-03-31,4,1,0
1187,3,2024-11-10,2024-11-12,2,1,0
1188,12,2023-03-19,2023-03-23,4,1,1
1189,20,2024-07-29,2024-08-02,4,1,0
1190,6,2024-08-04,2024-08-18,14,0,0
1191,19,2023-07-02,2023-07-05,3,1,0
1192,19,2023-02-01,2023-02-14,13,0,0
1193,4,2023-07-15,2023-07-19,4,1,0
1194,15,2024-06-11,2024-06-15,4,1,0
1195,18,2023-03-28,2023-04-01,4,1,0
1196,6,2023-08-04,2023-08-18,14,0,0
1197,10,2023-07-27,2023-07-31,4,1,0
1198,7,2024-04-10,2024-04-14,4,1,0
1199,12,2024-07-10,2024-07-15,5,1,1
1200,19,2024-08-17,2024-08-21,4,1,0
1201,7,2023-02-28,2023-03-02,2,1,0
1202,2,2024-06-08,2024-06-10,2,1,0
1203,11,2023-12-20,2024-01-01,12,0,0
1204,15,2024-02-18,2024-02-20,2,1,0
1205,13,2024-08-17,2024-08-19,2,1,0
1206,2,2024-08-13,2024-08-24,11,0,0
1207,3,2023-06-03,2023-06-06,3,1,0
1208,17,2023-10-25,2023-10-27,2,1,0
1209,5,2023-12-19,2023-12-23,4,1,1
1210,8,2024-03-02,2024-03-17,15,0,1
1211,6,2024-10-01,2024-10-04,3,1,0
1212,12,2024-07-07,2024-07-11,4,1,0
1213,11,2023-01-23,2023-01-26,3,1,1
1214,14,2024-10-06,2024-10-08,2,1,1
1215,7,2023-07-31,2023-08-03,3,1,0
1216,1,2024-05-04,2024-05-07,3,1,0
1217,19,2024-12-28,2024-12-31,3,1,0
1218,10,2023-07-01,2023-07-07,6,0,0
1219,13,2024-04-12,2024-04-19,7,0,1
1220,6,2023-05-07,2023-05-14,7,0,0
1221,2,2023-08-09,2023-08-13,4,1,0
1222,13,2024-10-12,2024-10-26,14,0,0
1223,1,2024-12-31,2025-01-04,4,1,0
1224,15,2024-10-02,2024-10-05,3,1,0
1225,20,2023-06-16,2023-06-21,5,1,0
1226,16,2024-09-23,2024-09-25,2,1,0
1227,8,2024-08-04,2024-08-14,10,0,0
1228,6,2023-08-11,2023-08-13,2,1,0
1229,8,2024-01-10,2024-01-12,2,1,0
1230,10,2023-04-17,2023-04-22,5,1,0
1231,17,2024-03-12,2024-03-21,9,0,0
1232,7,2023-11-30,2023-12-05,5,1,0
1233,14,2023-12-25,2024-01-05,11,0,0
1234,2,2024-05-05,2024-05-09,4,1,0
1235,18,2023-10-19,2023-10-22,3,1,0
1236,3,2023-01-20,2023-01-25,5,1,0
1237,6,2023-03-21,2023-03-29,8,0,0
1238,8,2023-03-24,2023-03-28,4,1,0
1239,9,2024-02-05,2024-02-08,3,1,0
1240,20,2024-06-28,2024-07-06,8,0,0
1241,18,2023-07-18,2023-07-23,5,1,0
1242,3,2024-12-20,2024-12-22,2,1,0
1243,13,2024-01-29,2024-02-03,5,1,0
1244,11,2023-07-17,2023-07-22,5,1,0
1245,5,2023-11-01,2023-11-14,13,0,0
1246,2,2024-09-23,2024-09-26,3,1,0
1247,13,2023-01-31,2023-02-03,3,1,0
1248,9,2024-05-01,2024-05-05,4,1,1
1249,5,2023-11-08,2023-11-11,3,1,0
1250,18,2024-04-06,2024-04-10,4,1,0
1251,17,2023-04-22,2023-04-24,2,1,1
1252,8,2023-08-02,2023-08-13,11,0,0
1253,20,2024-02-02,2024-02-05,3,1,0
1254,12,2024-09-24,2024-09-27,3,1,1
1255,2,2024-11-29,2024-12-03,4,1,0
1256,16,2023-09-26,2023-09-30,4,1,0
1257,13,2023-06-14,2023-06-24,10,0,0
1258,7,2023-04-19,2023-04-29,10,0,0
1259,15,2023-01-31,2023-02-13,13,0,0
1260,18,2024-06-09,2024-06-13,4,1,0
1261,2,2024-11-08,2024-11-15,7,0,0
1262,16,2023-10-27,2023-11-01,5,1,0
1263,14,2024-06-24,2024-06-28,4,1,0
1264,6,2023-02-24,2023-02-28,4,1,0
1265,4,2024-08-07,2024-08-11,4,1,0
1266,4,2023-02-16,2023-02-21,5,1,0
1267,7,2024-02-20,2024-02-25,5,1,1
1268,13,2024-02-07,2024-02-14,7,0,0
1269,15,2024-05-18,2024-06-01,14,0,1
1270,18,2023-09-21,2023-09-23,2,1,0
1271,13,2024-06-08,2024-06-12,4,1,1
1272,12,2024-07-12,2024-07-16,4,1,0
1273,8,2023-02-19,2023-02-23,4,1,0
1274,4,2023-02-07,2023-02-21,14,0,0
1275,7,2023-04-27,2023-04-30,3,1,0
1276,16,2024-11-22,2024-11-27,5,1,0
1277,5,2023-01-23,2023-01-25,2,1,0
1278,3,2023-10-22,2023-10-25,3,1,0
1279,10,2024-10-04,2024-10-06,2,1,0
1280,3,2024-01-03,2024-01-09,6,0,0
1281,17,2023-10-15,2023-10-20,5,1,0
1282,12,2023-07-13,2023-07-16,3,1,0
1283,7,2024-12-14,2024-12-17,3,1,1
1284,8,2024-02-28,2024-03-04,5,1,0
1285,6,2024-08-21,2024-08-23,2,1,0
1286,10,2024-02-21,2024-03-04,12,0,0
1287,6,2024-11-07,2024-11-21,14,0,1
1288,16,2024-01-01,2024-01-05,4,1,0
1289,10,2023-02-04,2023-02-17,13,0,0
1290,7,2024-03-07,2024-03-20,13,0,0
1291,13,2023-04-18,2023-04-26,8,0,1
1292,20,2023-01-20,2023-01-25,5,1,0
1293,14,2024-12-15,2024-12-27,12,0,1
1294,4,2024-02-15,2024-02-18,3,1,0
1295,11,2023-11-27,2023-12-06,9,0,0
1296,6,2023-09-18,2023-09-29,11,0,0
1297,18,2024-02-10,2024-02-22,12,0,0
1298,17,2024-07-11,2024-07-14,3,1,0
1299,8,2024-01-20,2024-01-23,3,1,0
1300,7,2023-11-01,2023-11-15,14,0,0
1301,12,2023-05-14,2023-05-18,4,1,0
1302,18,2024-11-30,2024-12-14,14,0,0
1303,19,2024-10-30,2024-11-14,15,0,1
1304,13,2024-04-16,2024-04-26,10,0,0
1305,6,2024-07-30,2024-08-13,14,0,1
1306,18,2023-09-20,2023-09-25,5,1,0
1307,8,2023-10-30,2023-11-11,12,0,0
1308,3,2023-10-11,2023-10-15,4,1,0
1309,3,2023-04-07,2023-04-10,3,1,0
1310,1,2023-02-01,2023-02-03,2,1,0
1311,13,2023-05-01,2023-05-06,5,1,0
1312,9,2023-06-15,2023-06-19,4,1,0
1313,15,2024-11-11,2024-11-20,9,0,0
1314,20,2024-01-07,2024-01-10,3,1,0
1315,19,2023-01-28,2023-02-01,4,1,0
1316,17,2023-07-20,2023-07-22,2,1,0
1317,18,2024-05-04,2024-05-07,3,1,0
1318,11,2024-04-23,2024-04-28,5,1,0
1319,13,2024-11-28,2024-12-13,15,0,0
1320,19,2023-06-09,2023-06-21,12,0,1
1321,9,2024-01-08,2024-01-10,2,1,0
1322,7,2024-12-21,2024-12-26,5,1,0
1323,4,2023-01-27,2023-01-30,3,1,0
1324,8,2024-03-31,2024-04-04,4,1,0
1325,10,2024-09-23,2024-10-08,15,0,0
1326,18,2023-12-24,2023-12-28,4,1,1
1327,14,2024-06-14,2024-06-28,14,0,0
1328,4,2023-03-17,2023-03-19,2,1,0
1329,17,2024-11-15,2024-11-18,3,1,0
1330,14,2023-10-03,2023-10-14,11,0,0
1331,11,2023-11-09,2023-11-11,2,1,0
1332,20,2024-10-14,2024-10-18,4,1,0
1333,9,2024-10-31,2024-11-02,2,1,0
1334,12,2024-05-13,2024-05-17,4,1,0
1335,4,2024-02-04,2024-02-06,2,1,0
1336,16,2024-12-22,2024-12-24,2,1,0
1337,10,2024-09-23,2024-09-28,5,1,1
1338,13,2024-08-04,2024-08-11,7,0,0
1339,12,2023-09-19,2023-09-23,4,1,0
1340,10,2024-08-28,2024-09-03,6,0,0
1341,8,2023-01-04,2023-01-07,3,1,0
1342,2,2024-03-24,2024-03-27,3,1,1
1343,11,2024-12-07,2024-12-12,5,1,0
1344,9,2023-04-07,2023-04-17,10,0,0
1345,6,2023-05-19,2023-05-23,4,1,1
1346,11,2023-12-26,2023-12-28,2,1,0
1347,13,2023-03-23,2023-03-28,5,1,0
1348,6,2024-06-04,2024-06-08,4,1,1
1349,11,2023-05-04,2023-05-06,2,1,0
1350,14,2023-01-25,2023-01-30,5,1,1
1351,10,2023-07-15,2023-07-28,13,0,0
1352,4,2023-09-10,2023-09-14,4,1,0
1353,10,2023-05-19,2023-05-21,2,1,0
1354,6,2023-12-09,2023-12-17,8,0,0
1355,8,2023-05-27,2023-06-09,13,0,0
1356,10,2024-01-24,2024-01-26,2,1,0
1357,18,2023-02-07,2023-02-11,4,1,0
1358,11,2024-12-01,2024-12-06,5,1,0
1359,6,2024-12-03,2024-12-16,13,0,1
1360,13,2023-08-26,2023-09-04,9,0,1
1361,5,2024-09-08,2024-09-18,10,0,0
1362,8,2023-01-22,2023-01-27,5,1,0
1363,17,2023-01-28,2023-02-02,5,1,0
1364,11,2024-05-28,2024-06-02,5,1,0
1365,4,2024-05-13,2024-05-17,4,1,0
1366,11,2023-05-09,2023-05-24,15,0,0
1367,6,2024-02-01,2024-02-13,12,0,0
1368,10,2024-01-29,2024-02-11,13,0,0
1369,8,2023-06-26,2023-07-01,5,1,0
1370,6,2023-08-17,2023-08-29,12,0,1
1371,7,2024-09-06,2024-09-09,3,1,0
1372,7,2024-03-02,2024-03-04,2,1,0
1373,19,2024-04-16,2024-04-21,5,1,0
1374,17,2023-10-02,2023-10-04,2,1,1
1375,7,2024-01-02,2024-01-04,2,1,0
1376,2,2023-08-11,2023-08-15,4,1,1
1377,2,2024-01-30,2024-02-04,5,1,0
1378,13,2024-07-29,2024-08-09,11,0,1
1379,8,2023-06-14,2023-06-23,9,0,0
1380,20,2023-01-16,2023-01-20,4,1,1
1381,14,2023-06-18,2023-06-22,4,1,0
1382,16,2024-02-22,2024-02-24,2,1,0
1383,20,2024-06-23,2024-07-04,11,0,0
1384,3,2023-08-07,2023-08-12,5,1,0
1385,6,2023-12-13,2023-12-24,11,0,0
1386,14,2023-07-28,2023-08-09,12,0,0
1387,3,2024-04-21,2024-04-23,2,1,0
1388,9,2024-10-11,2024-10-13,2,1,0
1389,5,2023-04-04,2023-04-07,3,1,1
1390,3,2024-11-11,2024-11-21,10,0,0
1391,20,2024-10-22,2024-10-25,3,1,0
1392,11,2023-01-08,2023-01-13,5,1,0
1393,19,2024-03-17,2024-03-22,5,1,0
1394,1,2023-12-08,2023-12-23,15,0,0
1395,4,2024-08-13,2024-08-25,12,0,1
1396,14,2023-09-23,2023-09-25,2,1,1
1397,11,2023-02-14,2023-02-20,6,0,0
1398,13,2024-12-23,2024-12-31,8,0,0
1399,9,2023-03-12,2023-03-15,3,1,0
1400,5,2024-07-12,2024-07-15,3,1,1
1401,19,2023-09-27,2023-10-02,5,1,0
1402,15,2024-09-24,2024-09-26,2,1,1
1403,15,2023-09-11,2023-09-14,3,1,0
1404,12,2023-09-04,2023-09-06,2,1,0
1405,11,2023-07-05,2023-07-09,4,1,0
1406,10,2024-09-04,2024-09-17,13,0,0
1407,10,2024-07-31,2024-08-15,15,0,0
1408,20,2024-05-12,2024-05-26,14,0,0
1409,13,2023-07-10,2023-07-18,8,0,1
1410,5,2023-02-01,2023-02-06,5,1,0
1411,16,2024-12-03,2024-12-07,4,1,0
1412,2,2023-09-25,2023-09-29,4,1,0
1413,8,2024-10-12,2024-10-22,10,0,0
1414,13,2024-05-05,2024-05-09,4,1,0
1415,19,2024-11-19,2024-11-24,5,1,0
1416,18,2023-09-10,2023-09-20,10,0,0
1417,9,2024-06-24,2024-06-26,2,1,0
1418,15,2024-02-04,2024-02-10,6,0,0
1419,7,2023-08-03,2023-08-06,3,1,1
1420,16,2023-12-28,2023-12-30,2,1,0
1421,11,2024-05-12,2024-05-15,3,1,0
1422,2,2023-11-23,2023-11-28,5,1,1
1423,12,2023-02-09,2023-02-11,2,1,0
1424,2,2024-04-25,2024-05-05,10,0,1
1425,5,2023-11-14,2023-11-19,5,1,0
1426,8,2023-09-16,2023-09-19,3,1,0
1427,3,2024-06-30,2024-07-11,11,0,0
1428,7,2023-05-15,2023-05-17,2,1,0
1429,12,2024-07-17,2024-08-01,15,0,1
1430,4,2024-06-17,2024-06-20,3,1,0
1431,13,2023-08-08,2023-08-15,7,0,0
1432,6,2023-06-09,2023-06-22,13,0,0
1433,13,2024-06-26,2024-06-28,2,1,0
1434,4,2023-09-14,2023-09-16,2,1,0
1435,8,2024-08-29,2024-08-31,2,1,0
1436,9,2023-02-25,2023-03-02,5,1,0
1437,9,2023-10-07,2023-10-11,4,1,0
1438,8,2023-05-27,2023-05-31,4,1,0
1439,15,2023-08-22,2023-08-27,5,1,1
1440,16,2023-10-25,2023-10-30,5,1,0
1441,7,2023-03-03,2023-03-07,4,1,0
1442,7,2024-10-17,2024-10-19,2,1,0
1443,10,2023-07-05,2023-07-09,4,1,1
1444,19,2023-07-18,2023-07-21,3,1,0
1445,3,2024-10-21,2024-10-25,4,1,0
1446,6,2024-06-06,2024-06-17,11,0,0
1447,10,2024-04-04,2024-04-06,2,1,0
1448,17,2023-10-26,2023-11-08,13,0,0
1449,12,2023-12-19,2024-01-02,14,0,0
1450,11,2023-09-30,2023-10-03,3,1,0
1451,9,2023-08-16,2023-08-21,5,1,0
1452,15,2024-02-20,2024-03-01,10,0,0
1453,14,2023-04-03,2023-04-05,2,1,0
1454,14,2024-07-01,2024-07-11,10,0,0
1455,5,2024-06-06,2024-06-16,10,0,0
1456,9,2024-03-08,2024-03-11,3,1,0
1457,5,2024-08-18,2024-08-25,7,0,0
1458,5,2023-02-09,2023-02-12,3,1,0
1459,11,2023-08-16,2023-08-31,15,0,0
1460,7,2024-05-10,2024-05-15,5,1,0
1461,1,2024-06-08,2024-06-13,5,1,0
1462,17,2024-08-05,2024-08-08,3,1,0
1463,17,2023-05-01,2023-05-04,3,1,0
1464,20,2023-04-04,2023-04-08,4,1,0
1465,19,2024-08-11,2024-08-19,8,0,0
1466,17,2023-11-23,2023-11-25,2,1,0
1467,20,2023-12-16,2023-12-19,3,1,1
1468,19,2024-09-09,2024-09-12,3,1,0
1469,8,2023-12-23,2024-01-02,10,0,0
1470,14,2024-04-13,2024-04-17,4,1,1
1471,12,2023-03-02,2023-03-16,14,0,0
1472,19,2023-07-20,2023-07-24,4,1,0
1473,7,2024-01-08,2024-01-14,6,0,0
1474,16,2024-03-03,2024-03-06,3,1,0
1475,14,2024-01-09,2024-01-13,4,1,0
1476,1,2024-07-11,2024-07-13,2,1,0
1477,20,2024-06-28,2024-07-09,11,0,0
1478,17,2023-02-03,2023-02-10,7,0,0
1479,6,2024-09-08,2024-09-12,4,1,1
1480,1,2023-06-23,2023-06-27,4,1,0
1481,1,2024-02-20,2024-03-06,15,0,0
1482,9,2024-11-07,2024-11-11,4,1,1
1483,13,2024-12-26,2024-12-28,2,1,0
1484,1,2023-05-25,2023-05-29,4,1,0
1485,7,2024-10-28,2024-11-02,5,1,1
1486,3,2024-01-10,2024-01-12,2,1,1
1487,15,2024-12-05,2024-12-07,2,1,0
1488,20,2024-06-17,2024-06-20,3,1,0
1489,2,2023-12-28,2023-12-31,3,1,0
1490,3,2024-06-25,2024-07-06,11,0,0
1491,18,2024-08-15,2024-08-25,10,0,0
1492,8,2024-09-03,2024-09-13,10,0,0
1493,7,2023-05-13,2023-05-17,4,1,0
1494,10,2024-12-06,2024-12-11,5,1,0
1495,12,2024-08-18,2024-08-29,11,0,0
1496,20,2023-08-11,2023-08-24,13,0,0
1497,10,2024-01-25,2024-01-28,3,1,0
1498,4,2023-08-29,2023-09-03,5,1,1
1499,16,2024-12-19,2024-12-22,3,1,0
1500,7,2023-07-18,2023-07-20,2,1,0
1501,4,2024-09-19,2024-09-23,4,1,0
1502,13,2024-12-04,2024-12-14,10,0,0
1503,13,2024-08-04,2024-08-14,10,0,1
1504,13,2024-04-07,2024-04-15,8,0,0
1505,9,2024-02-11,2024-02-13,2,1,0
1506,3,2024-09-26,2024-09-30,4,1,0
1507,9,2024-05-19,2024-05-24,5,1,0
1508,17,2024-11-24,2024-12-09,15,0,0
1509,12,2024-02-17,2024-02-21,4,1,0
1510,9,2024-08-08,2024-08-11,3,1,0
1511,7,2023-02-27,2023-03-08,9,0,0
1512,14,2023-12-28,2024-01-09,12,0,0
1513,8,2023-12-07,2023-12-11,4,1,0
1514,17,2023-07-18,2023-07-20,2,1,0
1515,8,2023-08-26,2023-08-31,5,1,0
1516,5,2024-06-18,2024-06-22,4,1,0
1517,10,2023-04-17,2023-04-29,12,0,0
1518,16,2023-03-19,2023-03-22,3,1,0
1519,8,2023-08-22,2023-08-24,2,1,0
1520,11,2024-10-04,2024-10-16,12,0,0
1521,2,2024-10-08,2024-10-21,13,0,0
1522,10,2023-08-21,2023-08-23,2,1,1
1523,15,2023-10-17,2023-10-30,13,0,0
1524,11,2023-07-02,2023-07-13,11,0,1
1525,6,2023-07-26,2023-08-04,9,0,0
1526,8,2024-06-22,2024-06-25,3,1,0
1527,9,2023-08-27,2023-08-29,2,1,0
1528,11,2024-06-15,2024-06-19,4,1,0
1529,4,2023-10-17,2023-10-20,3,1,0
1530,11,2023-11-16,2023-11-23,7,0,0
1531,4,2024-03-06,2024-03-09,3,1,0
1532,12,2023-03-23,2023-03-25,2,1,0
1533,14,2024-08-24,2024-08-31,7,0,1
1534,4,2024-05-07,2024-05-09,2,1,0
1535,3,2024-08-14,2024-08-19,5,1,0
1536,2,2023-02-14,2023-02-19,5,1,0
1537,13,2024-02-16,2024-02-19,3,1,0
1538,7,2023-01-27,2023-02-08,12,0,0
1539,6,2023-05-15,2023-05-25,10,0,0
1540,6,2024-04-02,2024-04-17,15,0,1
1541,8,2023-05-19,2023-05-23,4,1,1
1542,10,2024-05-22,2024-05-24,2,1,0
1543,9,2024-10-20,2024-10-25,5,1,0
1544,6,2023-01-21,2023-02-03,13,0,0
1545,17,2024-12-09,2024-12-14,5,1,0
1546,7,2023-12-08,2023-12-10,2,1,0
1547,2,2024-05-05,2024-05-15,10,0,0
1548,18,2023-12-29,2024-01-07,9,0,0
1549,2,2023-01-24,2023-02-05,12,0,0
1550,19,2024-10-23,2024-10-28,5,1,0
1551,17,2024-08-01,2024-08-06,5,1,0
1552,15,2023-05-15,2023-05-18,3,1,0
1553,5,2024-12-09,2024-12-16,7,0,0
1554,19,2024-02-10,2024-02-17,7,0,0
1555,3,2023-05-29,2023-06-03,5,1,0
1556,9,2024-01-10,2024-01-14,4,1,0
1557,16,2023-03-08,2023-03-12,4,1,0
1558,14,2024-01-24,2024-01-26,2,1,0
1559,7,2024-04-05,2024-04-16,11,0,0
1560,6,2024-09-24,2024-09-28,4,1,0
1561,18,2023-03-14,2023-03-17,3,1,0
1562,4,2024-05-11,2024-05-13,2,1,0
1563,11,2023-04-06,2023-04-09,3,1,0
1564,1,2023-04-12,2023-04-16,4,1,0
1565,13,2024-11-01,2024-11-08,7,0,0
1566,4,2024-09-11,2024-09-15,4,1,0
1567,2,2023-05-18,2023-05-23,5,1,0
1568,6,2024-05-18,2024-06-01,14,0,0
1569,1,2023-06-26,2023-07-02,6,0,1
1570,5,2024-11-08,2024-11-16,8,0,0
1571,8,2024-01-12,2024-01-21,9,0,0
1572,15,2023-10-16,2023-10-21,5,1,1
1573,8,2024-03-05,2024-03-07,2,1,0
1574,2,2023-07-23,2023-07-26,3,1,0
1575,17,2023-01-08,2023-01-22,14,0,0
1576,7,2023-12-11,2023-12-24,13,0,1
1577,18,2024-03-07,2024-03-18,11,0,0
1578,14,2023-12-24,2023-12-29,5,1,0
1579,13,2023-05-09,2023-05-18,9,0,0
1580,19,2023-05-08,2023-05-20,12,0,0
1581,9,2024-03-02,2024-03-12,10,0,0
1582,11,2023-05-21,2023-05-30,9,0,0
1583,1,2024-11-15,2024-11-21,6,0,0
1584,20,2024-03-24,2024-03-27,3,1,0
1585,8,2023-05-28,2023-05-31,3,1,0
1586,8,2024-05-19,2024-05-24,5,1,0
1587,6,2024-02-21,2024-02-28,7,0,0
1588,20,2023-08-25,2023-08-28,3,1,0
1589,5,2024-12-20,2024-12-26,6,0,0
1590,10,2024-04-23,2024-04-27,4,1,0
1591,15,2023-06-10,2023-06-24,14,0,0
1592,17,2024-12-29,2025-01-01,3,1,0
1593,10,2024-03-28,2024-03-30,2,1,0
1594,8,2023-01-16,2023-01-21,5,1,0
1595,12,2023-04-14,2023-04-17,3,1,0
1596,8,2023-02-28,2023-03-10,10,0,0
1597,9,2024-07-05,2024-07-08,3,1,0
1598,6,2024-02-02,2024-02-07,5,1,0
1599,20,2023-11-29,2023-12-04,5,1,0
1600,14,2024-03-12,2024-03-26,14,0,0
1601,6,2023-12-18,2023-12-21,3,1,0
1602,15,2023-10-28,2023-10-31,3,1,0
1603,20,2024-11-04,2024-11-06,2,1,0
1604,17,2023-08-26,2023-09-01,6,0,0
1605,1,2024-01-06,2024-01-09,3,1,0
1606,20,2024-04-11,2024-04-14,3,1,0
1607,6,2023-09-09,2023-09-22,13,0,1
1608,14,2024-11-25,2024-11-29,4,1,0
1609,11,2023-12-14,2023-12-20,6,0,1
1610,8,2023-04-30,2023-05-04,4,1,0
1611,3,2023-07-13,2023-07-18,5,1,0
1612,7,2023-07-10,2023-07-12,2,1,0
1613,17,2024-07-30,2024-08-01,2,1,0
1614,7,2024-12-17,2024-12-27,10,0,0
1615,20,2024-05-05,2024-05-17,12,0,0
1616,8,2023-12-17,2023-12-22,5,1,0
1617,15,2023-08-26,2023-08-29,3,1,0
1618,10,2024-04-07,2024-04-10,3,1,0
1619,19,2023-06-24,2023-06-26,2,1,0
1620,16,2024-09-23,2024-09-26,3,1,0
1621,16,2024-01-09,2024-01-14,5,1,0
1622,10,2024-05-13,2024-05-25,12,0,0
1623,7,2024-02-22,2024-02-25,3,1,0
1624,10,2024-12-02,2024-12-04,2,1,1
1625,12,2024-05-20,2024-05-23,3,1,0
1626,20,2024-10-29,2024-11-03,5,1,0
1627,18,2023-05-21,2023-05-26,5,1,1
1628,10,2023-12-17,2023-12-20,3,1,0
1629,8,2024-07-31,2024-08-11,11,0,0
1630,1,2024-12-02,2024-12-06,4,1,0
1631,2,2023-01-26,2023-01-30,4,1,0
1632,15,2023-11-14,2023-11-17,3,1,0
1633,12,2023-06-04,2023-06-09,5,1,0
1634,16,2023-07-07,2023-07-16,9,0,0
1635,19,2023-06-16,2023-06-18,2,1,0
1636,13,2024-01-26,2024-02-08,13,0,1
1637,10,2023-06-26,2023-06-30,4,1,1
1638,19,2024-05-10,2024-05-13,3,1,0
1639,15,2023-12-30,2024-01-02,3,1,0
1640,7,2024-08-02,2024-08-06,4,1,0
1641,15,2023-07-17,2023-07-29,12,0,1
1642,15,2023-01-22,2023-02-02,11,0,0
1643,19,2024-04-05,2024-04-08,3,1,0
1644,14,2024-09-22,2024-09-26,4,1,0
1645,17,2024-06-23,2024-06-25,2,1,0
1646,12,2023-05-25,2023-05-27,2,1,0
1647,17,2024-12-10,2024-12-13,3,1,0
1648,1,2023-11-09,2023-11-21,12,0,0
1649,15,2024-08-28,2024-08-31,3,1,0
1650,18,2023-05-20,2023-05-24,4,1,0
1651,4,2023-10-07,2023-10-09,2,1,0
1652,18,2023-08-26,2023-08-29,3,1,0
1653,10,2024-03-02,2024-03-06,4,1,0
1654,13,2023-10-15,2023-10-20,5,1,1
1655,8,2023-01-04,2023-01-12,8,0,0
1656,1,2023-12-14,2023-12-17,3,1,0
1657,12,2023-03-31,2023-04-05,5,1,0
1658,20,2024-05-21,2024-06-01,11,0,0
1659,16,2023-12-19,2023-12-25,6,0,0
1660,5,2024-02-28,2024-03-01,2,1,0
1661,11,2024-02-10,2024-02-20,10,0,0
1662,7,2024-06-05,2024-06-07,2,1,0
1663,11,2024-07-30,2024-08-14,15,0,0
1664,1,2023-05-14,2023-05-18,4,1,0
1665,8,2023-05-18,2023-05-22,4,1,1
1666,2,2024-09-08,2024-09-13,5,1,0
1667,13,2024-10-27,2024-11-06,10,0,1
1668,9,2023-05-23,2023-05-26,3,1,0
1669,9,2023-11-04,2023-11-09,5,1,0
1670,14,2023-08-14,2023-08-19,5,1,0
1671,7,2023-07-31,2023-08-02,2,1,0
1672,16,2024-02-18,2024-02-23,5,1,0
1673,4,2023-12-01,2023-12-04,3,1,0
1674,2,2024-04-05,2024-04-08,3,1,0
1675,5,2024-05-23,2024-06-04,12,0,0
1676,20,2024-11-13,2024-11-16,3,1,1
1677,18,2024-11-04,2024-11-09,5,1,1
1678,1,2023-02-25,2023-03-05,8,0,0
1679,8,2024-02-09,2024-02-13,4,1,0
1680,12,2024-10-15,2024-10-27,12,0,0
1681,16,2024-08-12,2024-08-16,4,1,0
1682,16,2024-11-26,2024-12-01,5,1,0
1683,11,2024-10-04,2024-10-09,5,1,0
1684,12,2024-07-24,2024-07-28,4,1,0
1685,7,2023-08-05,2023-08-09,4,1,0
1686,19,2023-10-18,2023-10-23,5,1,0
1687,19,2023-10-14,2023-10-17,3,1,0
1688,7,2023-11-25,2023-11-30,5,1,0
1689,13,2023-05-18,2023-05-30,12,0,1
1690,4,2023-08-01,2023-08-16,15,0,0
1691,10,2023-05-19,2023-05-21,2,1,1
1692,6,2024-12-06,2024-12-19,13,0,0
1693,19,2024-05-28,2024-06-06,9,0,0
1694,2,2024-10-15,2024-10-18,3,1,0
1695,4,2023-04-20,2023-04-22,2,1,0
1696,19,2023-06-23,2023-06-29,6,0,0
1697,2,2024-05-31,2024-06-02,2,1,0
1698,19,2023-08-16,2023-08-27,11,0,0
1699,16,2023-12-03,2023-12-15,12,0,1
1700,3,2023-03-18,2023-03-30,12,0,0
1701,15,2023-03-18,2023-03-20,2,1,0
1702,20,2024-11-30,2024-12-05,5,1,0
1703,16,2023-02-07,2023-02-12,5,1,0
1704,12,2024-06-24,2024-07-04,10,0,0
1705,11,2024-05-20,2024-05-23,3,1,0
1706,18,2024-10-24,2024-10-28,4,1,0
1707,9,2023-12-05,2023-12-10,5,1,0
1708,20,2024-09-21,2024-09-25,4,1,0
1709,20,2023-08-04,2023-08-08,4,1,0
1710,14,2024-03-06,2024-03-21,15,0,0
1711,2,2023-06-15,2023-06-17,2,1,0
1712,17,2023-05-28,2023-06-06,9,0,1
1713,18,2023-04-04,2023-04-08,4,1,0
1714,10,2023-07-11,2023-07-16,5,1,0
1715,15,2024-11-06,2024-11-09,3,1,0
1716,1,2023-11-17,2023-11-27,10,0,0
1717,16,2023-09-03,2023-09-07,4,1,0
1718,1,2023-08-06,2023-08-19,13,0,0
1719,15,2024-04-06,2024-04-09,3,1,0
1720,10,2023-10-29,2023-11-03,5,1,0
1721,18,2023-06-27,2023-07-06,9,0,1
1722,14,2024-07-18,2024-07-25,7,0,1
1723,15,2024-06-02,2024-06-04,2,1,0
1724,6,2023-03-13,2023-03-16,3,1,1
1725,16,2023-12-05,2023-12-09,4,1,0
1726,13,2023-03-26,2023-04-07,12,0,0
1727,9,2023-03-17,2023-03-21,4,1,0
1728,5,2023-12-23,2023-12-26,3,1,1
1729,14,2023-12-31,2024-01-05,5,1,0
1730,19,2023-04-23,2023-05-07,14,0,0
1731,4,2023-01-26,2023-01-31,5,1,1
1732,13,2024-02-16,2024-02-18,2,1,0
1733,15,2023-07-04,2023-07-06,2,1,0
1734,15,2023-11-13,2023-11-15,2,1,0
1735,1,2023-04-25,2023-04-29,4,1,0
1736,5,2024-06-24,2024-06-26,2,1,0
1737,11,2024-05-29,2024-06-08,10,0,0
1738,19,2023-04-27,2023-05-10,13,0,0
1739,9,2024-04-27,2024-05-08,11,0,0
1740,11,2024-08-02,2024-08-12,10,0,0
1741,17,2024-09-15,2024-09-19,4,1,0
1742,5,2023-11-19,2023-11-21,2,1,0
1743,11,2024-12-04,2024-12-17,13,0,0
1744,4,2023-04-10,2023-04-14,4,1,0
1745,15,2023-07-05,2023-07-10,5,1,0
1746,16,2023-03-08,2023-03-19,11,0,0
1747,12,2024-03-04,2024-03-17,13,0,1
1748,2,2024-06-07,2024-06-11,4,1,0
1749,14,2023-07-12,2023-07-17,5,1,0
1750,11,2024-07-20,2024-07-23,3,1,0
1751,4,2023-11-22,2023-11-26,4,1,0
1752,6,2023-03-10,2023-03-24,14,0,1
1753,8,2023-11-03,2023-11-08,5,1,0
1754,9,2024-11-29,2024-12-02,3,1,0
1755,13,2024-03-22,2024-03-27,5,1,0
1756,11,2023-09-14,2023-09-20,6,0,0
1757,11,2024-03-11,2024-03-20,9,0,1
1758,16,2024-11-13,2024-11-17,4,1,0
1759,1,2024-07-25,2024-07-29,4,1,0
1760,16,2024-12-04,2024-12-06,2,1,0
1761,7,2023-11-16,2023-11-19,3,1,0
1762,6,2023-02-06,2023-02-10,4,1,1
1763,7,2023-02-02,2023-02-07,5,1,0
1764,5,2023-11-11,2023-11-19,8,0,0
1765,3,2024-05-15,2024-05-17,2,1,0
1766,2,2023-10-09,2023-10-11,2,1,0
1767,9,2023-11-07,2023-11-11,4,1,0
1768,4,2024-08-18,2024-08-22,4,1,0
1769,11,2024-02-01,2024-02-04,3,1,0
1770,14,2024-03-24,2024-04-05,12,0,0
1771,10,2024-10-03,2024-10-08,5,1,0
1772,4,2023-02-07,2023-02-09,2,1,0
1773,4,2023-10-08,2023-10-19,11,0,1
1774,11,2023-11-19,2023-11-23,4,1,0
1775,11,2024-11-29,2024-12-14,15,0,0
1776,7,2024-09-13,2024-09-17,4,1,0
1777,6,2024-04-24,2024-05-01,7,0,1
1778,18,2024-04-07,2024-04-09,2,1,0
1779,3,2023-10-08,2023-10-14,6,0,0
1780,10,2024-02-06,2024-02-08,2,1,0
1781,11,2024-05-20,2024-05-25,5,1,0
1782,18,2024-07-18,2024-07-23,5,1,1
1783,8,2023-04-08,2023-04-21,13,0,0
1784,18,2023-03-27,2023-03-29,2,1,0
1785,19,2023-08-01,2023-08-06,5,1,0
1786,1,2024-12-07,2024-12-10,3,1,0
1787,17,2024-06-17,2024-06-20,3,1,0
1788,3,2023-02-22,2023-02-26,4,1,1
1789,15,2024-05-11,2024-05-16,5,1,0
1790,17,2023-03-17,2023-03-19,2,1,0
1791,15,2024-09-06,2024-09-12,6,0,0
1792,2,2023-07-16,2023-07-24,8,0,0
1793,7,2024-11-04,2024-11-08,4,1,0
1794,7,2023-07-16,2023-07-22,6,0,0
1795,4,2023-10-02,2023-10-06,4,1,0
1796,14,2023-02-20,2023-02-23,3,1,0
1797,15,2024-11-09,2024-11-20,11,0,0
1798,8,2023-03-21,2023-03-30,9,0,0
1799,17,2024-06-28,2024-07-03,5,1,0
1800,13,2024-11-25,2024-12-07,12,0,0
1801,5,2024-11-15,2024-11-17,2,1,1
1802,9,2024-05-02,2024-05-05,3,1,0
1803,8,2024-09-20,2024-09-22,2,1,0
1804,14,2023-07-23,2023-07-26,3,1,0
1805,14,2024-04-27,2024-04-30,3,1,0
1806,8,2024-02-13,2024-02-21,8,0,0
1807,19,2023-07-14,2023-07-19,5,1,0
1808,3,2024-08-27,2024-08-29,2,1,0
1809,5,2024-01-04,2024-01-07,3,1,0
1810,1,2024-03-14,2024-03-16,2,1,1
1811,20,2024-11-10,2024-11-12,2,1,0
1812,15,2024-09-16,2024-09-20,4,1,1
1813,14,2024-12-12,2024-12-14,2,1,0
1814,4,2023-02-19,2023-02-21,2,1,0
1815,18,2024-11-25,2024-11-28,3,1,1
1816,8,2023-05-09,2023-05-14,5,1,0
1817,18,2024-02-07,2024-02-09,2,1,0
1818,13,2023-04-01,2023-04-07,6,0,1
1819,15,2024-10-09,2024-10-11,2,1,0
1820,6,2024-10-24,2024-10-27,3,1,0
1821,8,2024-05-13,2024-05-15,2,1,0
1822,4,2024-05-11,2024-05-14,3,1,0
1823,1,2024-02-07,2024-02-09,2,1,1
1824,2,2023-08-07,2023-08-11,4,1,0
1825,7,2023-02-06,2023-02-09,3,1,0
1826,7,2023-06-25,2023-06-30,5,1,0
1827,7,2024-03-22,2024-03-26,4,1,0
1828,12,2023-07-30,2023-08-12,13,0,0
1829,11,2023-12-01,2023-12-05,4,1,0
1830,7,2024-03-31,2024-04-04,4,1,0
1831,14,2024-06-16,2024-06-18,2,1,0
1832,14,2023-12-06,2023-12-08,2,1,0
1833,6,2023-02-20,2023-03-02,10,0,0
1834,5,2024-05-18,2024-05-21,3,1,0
1835,18,2023-02-17,2023-02-24,7,0,1
1836,9,2024-11-18,2024-11-20,2,1,0
1837,12,2024-06-09,2024-06-14,5,1,0
1838,2,2023-09-04,2023-09-09,5,1,0
1839,20,2023-10-29,2023-11-02,4,1,0
1840,14,2024-05-05,2024-05-08,3,1,0
1841,9,2023-05-21,2023-06-01,11,0,0
1842,14,2024-11-24,2024-11-28,4,1,0
1843,17,2024-09-23,2024-09-26,3,1,1
1844,19,2024-01-05,2024-01-08,3,1,0
1845,8,2023-04-24,2023-05-02,8,0,0
1846,16,2024-03-15,2024-03-20,5,1,0
1847,10,2023-08-14,2023-08-28,14,0,1
1848,7,2024-01-22,2024-01-25,3,1,0
1849,5,2024-02-10,2024-02-15,5,1,0
1850,18,2023-05-15,2023-05-18,3,1,0
1851,3,2024-07-29,2024-08-04,6,0,0
1852,15,2023-07-04,2023-07-08,4,1,1
1853,13,2024-07-13,2024-07-22,9,0,0
1854,8,2024-12-12,2024-12-16,4,1,1
1855,11,2023-01-02,2023-01-04,2,1,0
1856,16,2024-09-17,2024-09-20,3,1,0
1857,19,2023-09-17,2023-09-21,4,1,1
1858,14,2023-04-05,2023-04-12,7,0,0
1859,13,2024-07-01,2024-07-03,2,1,0
1860,5,2024-10-04,2024-10-14,10,0,0
1861,3,2023-07-22,2023-07-27,5,1,0
1862,11,2024-11-08,2024-11-12,4,1,0
1863,17,2024-12-31,2025-01-06,6,0,0
1864,1,2023-02-21,2023-02-26,5,1,0
1865,7,2024-10-29,2024-11-03,5,1,1
1866,13,2023-11-24,2023-11-26,2,1,0
1867,3,2023-04-14,2023-04-26,12,0,0
1868,6,2024-01-28,2024-01-31,3,1,1
1869,8,2024-06-14,2024-06-16,2,1,1
1870,8,2023-12-13,2023-12-18,5,1,0
1871,1,2023-01-04,2023-01-09,5,1,0
1872,16,2024-02-27,2024-03-01,3,1,0
1873,7,2023-11-29,2023-12-02,3,1,0
1874,8,2024-12-28,2025-01-02,5,1,0
1875,14,2024-10-07,2024-10-09,2,1,0
1876,4,2024-09-07,2024-09-12,5,1,0
1877,2,2023-06-04,2023-06-10,6,0,0
1878,19,2023-04-27,2023-05-08,11,0,0
1879,15,2023-02-12,2023-02-16,4,1,1
1880,16,2024-09-21,2024-09-26,5,1,0
1881,12,2023-09-28,2023-10-11,13,0,0
1882,18,2024-09-02,2024-09-06,4,1,1
1883,19,2023-07-03,2023-07-08,5,1,0
1884,2,2024-06-06,2024-06-12,6,0,0
1885,5,2024-02-10,2024-02-13,3,1,0
1886,13,2024-09-16,2024-09-30,14,0,0
1887,17,2023-04-19,2023-04-21,2,1,0
1888,9,2024-05-01,2024-05-05,4,1,0
1889,8,2023-09-29,2023-10-02,3,1,0
1890,9,2024-09-29,2024-10-01,2,1,0
1891,1,2024-03-03,2024-03-06,3,1,0
1892,18,2023-04-18,2023-04-23,5,1,0
1893,9,2023-10-06,2023-10-09,3,1,0
1894,6,2024-11-06,2024-11-14,8,0,0
1895,7,2023-01-21,2023-01-23,2,1,0
1896,10,2023-01-02,2023-01-07,5,1,1
1897,16,2023-12-23,2024-01-05,13,0,0
1898,1,2024-02-21,2024-02-26,5,1,0
1899,3,2023-09-08,2023-09-12,4,1,0
1900,12,2024-09-25,2024-09-27,2,1,1
1901,9,2023-12-27,2023-12-30,3,1,0
1902,18,2024-05-05,2024-05-10,5,1,0
1903,1,2023-07-21,2023-07-23,2,1,0
1904,3,2024-03-24,2024-03-28,4,1,1
1905,15,2024-09-27,2024-10-04,7,0,0
1906,15,2023-03-30,2023-04-03,4,1,0
1907,6,2023-10-20,2023-10-22,2,1,0
1908,3,2024-10-23,2024-10-26,3,1,0
1909,5,2024-07-22,2024-08-02,11,0,0
1910,13,2023-12-11,2023-12-22,11,0,0
1911,9,2023-07-03,2023-07-05,2,1,0
1912,14,2024-04-16,2024-04-21,5,1,0
1913,16,2023-05-22,2023-05-24,2,1,0
1914,14,2024-07-13,2024-07-19,6,0,0
1915,9,2024-11-18,2024-11-22,4,1,0
1916,1,2024-08-17,2024-08-22,5,1,0
1917,19,2024-05-28,2024-05-31,3,1,0
1918,13,2023-12-17,2023-12-28,11,0,0
1919,18,2024-05-08,2024-05-14,6,0,0
1920,10,2024-09-15,2024-09-20,5,1,0
1921,2,2023-08-31,2023-09-12,12,0,0
1922,10,2024-11-28,2024-12-02,4,1,0
1923,1,2023-05-20,2023-05-25,5,1,0
1924,11,2024-03-26,2024-03-31,5,1,0
1925,7,2023-08-29,2023-09-03,5,1,0
1926,19,2024-05-24,2024-05-26,2,1,0
1927,4,2023-09-08,2023-09-13,5,1,0
1928,11,2024-01-02,2024-01-04,2,1,0
1929,4,2023-09-13,2023-09-17,4,1,0
1930,11,2023-05-12,2023-05-15,3,1,0
1931,6,2023-07-17,2023-07-29,12,0,1
1932,4,2023-05-26,2023-05-31,5,1,0
1933,9,2024-04-02,2024-04-04,2,1,0
1934,11,2024-02-08,2024-02-20,12,0,1
1935,4,2023-03-27,2023-03-30,3,1,0
1936,7,2023-06-01,2023-06-03,2,1,0
1937,20,2024-02-17,2024-02-19,2,1,0
1938,13,2023-01-23,2023-01-26,3,1,0
1939,13,2024-10-29,2024-11-05,7,0,0
1940,12,2023-06-29,2023-07-13,14,0,1
1941,14,2023-04-27,2023-04-29,2,1,0
1942,13,2023-04-29,2023-05-11,12,0,0
1943,17,2023-02-09,2023-02-11,2,1,0
1944,18,2024-06-17,2024-06-21,4,1,0
1945,5,2023-03-29,2023-04-02,4,1,0
1946,7,2024-04-04,2024-04-09,5,1,0
1947,10,2023-07-21,2023-08-03,13,0,0
1948,10,2023-09-19,2023-09-24,5,1,0
1949,18,2023-12-18,2023-12-21,3,1,0
1950,7,2024-06-23,2024-07-04,11,0,1
1951,12,2023-08-15,2023-08-20,5,1,0
1952,14,2023-09-05,2023-09-11,6,0,0
1953,20,2024-08-11,2024-08-14,3,1,0
1954,7,2024-01-31,2024-02-04,4,1,0
1955,20,2023-10-28,2023-11-02,5,1,0
1956,15,2024-09-21,2024-10-06,15,0,0
1957,1,2023-06-29,2023-07-07,8,0,0
1958,17,2023-01-08,2023-01-23,15,0,1
1959,9,2023-11-09,2023-11-14,5,1,1
1960,16,2024-04-11,2024-04-15,4,1,0
1961,15,2023-12-01,2023-12-09,8,0,0
1962,5,2023-08-10,2023-08-16,6,0,0
1963,4,2023-07-13,2023-07-18,5,1,0
1964,13,2023-05-03,2023-05-08,5,1,0
1965,19,2023-04-19,2023-04-21,2,1,0
1966,7,2023-04-22,2023-04-25,3,1,0
1967,7,2024-11-09,2024-11-11,2,1,0
1968,17,2023-05-23,2023-06-04,12,0,0
1969,19,2024-06-22,2024-06-25,3,1,0
1970,11,2023-01-02,2023-01-04,2,1,0
1971,6,2023-10-31,2023-11-05,5,1,0
1972,1,2023-09-19,2023-09-23,4,1,0
1973,12,2023-03-10,2023-03-13,3,1,0
1974,19,2024-04-14,2024-04-27,13,0,0
1975,5,2024-05-27,2024-05-29,2,1,0
1976,1,2023-03-23,2023-03-28,5,1,0
1977,15,2024-11-18,2024-11-22,4,1,0
1978,20,2023-05-31,2023-06-07,7,0,0
1979,3,2023-11-25,2023-12-10,15,0,0
1980,17,2024-04-12,2024-04-14,2,1,0
1981,10,2024-12-26,2025-01-04,9,0,0
1982,11,2024-06-28,2024-07-02,4,1,0
1983,4,2024-03-31,2024-04-04,4,1,0
1984,19,2023-06-29,2023-07-09,10,0,0
1985,20,2024-01-21,2024-01-24,3,1,0
1986,4,2024-02-22,2024-02-29,7,0,0
1987,17,2023-05-31,2023-06-05,5,1,0
1988,2,2023-09-04,2023-09-07,3,1,0
1989,8,2023-12-05,2023-12-11,6,0,0
1990,20,2023-04-18,2023-04-23,5,1,0
1991,10,2023-01-04,2023-01-19,15,0,0
1992,5,2023-08-26,2023-09-07,12,0,0
1993,7,2024-07-25,2024-07-27,2,1,0
1994,17,2024-11-04,2024-11-07,3,1,0
1995,9,2023-01-20,2023-01-25,5,1,0
1996,17,2023-06-13,2023-06-28,15,0,0
1997,10,2024-11-23,2024-11-27,4,1,0
1998,5,2023-11-03,2023-11-06,3,1,0
1999,12,2024-11-05,2024-11-10,5,1,1
2000,14,2023-03-31,2023-04-07,7,0,0
2001,9,2023-06-27,2023-07-01,4,1,1
2002,5,2023-09-26,2023-10-08,12,0,0
2003,19,2024-03-10,2024-03-24,14,0,1
2004,12,2024-01-24,2024-01-30,6,0,0
2005,5,2024-03-19,2024-03-26,7,0,0
2006,18,2023-11-01,2023-11-09,8,0,1
2007,10,2023-11-12,2023-11-17,5,1,0
2008,20,2023-08-23,2023-08-26,3,1,0
2009,19,2023-12-29,2023-12-31,2,1,0
2010,4,2024-10-20,2024-10-23,3,1,1
2011,1,2024-01-30,2024-02-02,3,1,0
2012,6,2023-11-25,2023-12-05,10,0,0
2013,2,2024-05-03,2024-05-07,4,1,0
2014,1,2024-03-04,2024-03-07,3,1,0
2015,18,2024-12-06,2024-12-11,5,1,0
2016,6,2023-02-26,2023-03-11,13,0,0
2017,2,2023-09-24,2023-10-02,8,0,0
2018,1,2023-12-13,2023-12-24,11,0,0
2019,18,2023-12-31,2024-01-08,8,0,0
2020,6,2023-11-30,2023-12-04,4,1,0
2021,15,2024-03-03,2024-03-12,9,0,0
2022,9,2023-02-20,2023-02-24,4,1,0
2023,5,2023-10-21,2023-10-28,7,0,0
2024,2,2023-07-16,2023-07-20,4,1,0
2025,1,2023-12-13,2023-12-16,3,1,0
2026,9,2023-12-15,2023-12-24,9,0,0
2027,8,2024-02-15,2024-02-18,3,1,0
2028,8,2023-05-16,2023-05-18,2,1,0
2029,18,2024-04-24,2024-04-29,5,1,0
2030,14,2024-07-11,2024-07-16,5,1,0
2031,9,2023-12-26,2023-12-28,2,1,0
2032,16,2024-06-16,2024-06-18,2,1,0
2033,8,2023-04-12,2023-04-14,2,1,0
2034,8,2023-04-04,2023-04-09,5,1,1
2035,3,2024-05-10,2024-05-13,3,1,0
2036,1,2023-09-13,2023-09-18,5,1,0
2037,17,2024-06-07,2024-06-14,7,0,1
2038,9,2023-07-20,2023-07-24,4,1,0
2039,6,2023-07-19,2023-07-21,2,1,0
2040,19,2023-11-03,2023-11-08,5,1,0
2041,18,2023-08-28,2023-08-30,2,1,1
2042,7,2023-05-01,2023-05-15,14,0,0
2043,5,2024-04-15,2024-04-20,5,1,1
2044,3,2024-05-05,2024-05-09,4,1,0
2045,7,2023-10-03,2023-10-08,5,1,0
2046,18,2023-04-08,2023-04-12,4,1,0
2047,7,2024-01-30,2024-02-03,4,1,0
2048,8,2024-05-08,2024-05-12,4,1,1
2049,18,2024-11-16,2024-11-18,2,1,0
2050,15,2023-03-21,2023-03-24,3,1,0
2051,19,2024-04-09,2024-04-13,4,1,0
2052,18,2023-07-23,2023-08-07,15,0,0
2053,12,2023-05-22,2023-05-30,8,0,0
2054,8,2023-12-07,2023-12-12,5,1,0
2055,20,2024-01-22,2024-01-25,3,1,0
2056,16,2024-06-18,2024-06-29,11,0,0
2057,10,2024-09-23,2024-09-26,3,1,0
2058,15,2023-04-01,2023-04-06,5,1,0
2059,16,2024-04-16,2024-04-20,4,1,0
2060,2,2024-11-05,2024-11-09,4,1,0
2061,6,2023-12-05,2023-12-17,12,0,1
2062,13,2023-05-23,2023-05-25,2,1,0
2063,1,2023-10-08,2023-10-11,3,1,0
2064,20,2024-06-05,2024-06-12,7,0,0
2065,18,2023-10-04,2023-10-19,15,0,0
2066,18,2023-03-19,2023-03-22,3,1,0
2067,10,2024-10-30,2024-11-03,4,1,1
2068,11,2023-04-07,2023-04-10,3,1,0
2069,10,2023-05-11,2023-05-21,10,0,0
2070,5,2024-02-04,2024-02-06,2,1,0
2071,16,2023-10-11,2023-10-15,4,1,0
2072,2,2024-05-06,2024-05-15,9,0,0
2073,6,2023-05-12,2023-05-17,5,1,1
2074,9,2024-09-06,2024-09-08,2,1,0
2075,2,2024-07-18,2024-07-20,2,1,0
2076,19,2023-11-05,2023-11-13,8,0,0
2077,11,2023-07-07,2023-07-12,5,1,1
2078,8,2023-04-24,2023-04-29,5,1,0
2079,18,2023-05-24,2023-06-05,12,0,0
2080,6,2024-11-28,2024-12-04,6,0,0
2081,4,2024-06-25,2024-06-30,5,1,0
2082,12,2024-10-07,2024-10-12,5,1,0
2083,7,2024-01-13,2024-01-18,5,1,0
2084,1,2024-07-27,2024-08-01,5,1,1
2085,4,2023-11-03,2023-11-13,10,0,0
2086,18,2024-10-26,2024-11-09,14,0,0
2087,5,2024-10-16,2024-10-19,3,1,0
2088,2,2024-02-09,2024-02-20,11,0,1
2089,10,2024-10-19,2024-10-22,3,1,0
2090,15,2023-10-12,2023-10-14,2,1,0
2091,1,2024-01-22,2024-02-01,10,0,0
2092,13,2023-02-03,2023-02-09,6,0,0
2093,2,2023-05-25,2023-06-07,13,0,0
2094,18,2024-10-17,2024-10-19,2,1,0
2095,6,2023-03-15,2023-03-21,6,0,0
2096,19,2023-07-03,2023-07-05,2,1,0
2097,14,2024-03-16,2024-03-20,4,1,0
2098,3,2024-08-19,2024-09-03,15,0,0
2099,17,2024-12-18,2024-12-29,11,0,0
2100,1,2024-05-12,2024-05-16,4,1,1
2101,14,2024-03-05,2024-03-07,2,1,0
2102,4,2023-02-18,2023-02-21,3,1,0
2103,15,2023-02-24,2023-02-27,3,1,0
2104,14,2024-08-06,2024-08-08,2,1,0
2105,12,2023-03-22,2023-03-24,2,1,0
2106,1,2024-06-04,2024-06-09,5,1,0
2107,16,2023-05-18,2023-05-22,4,1,0
2108,18,2024-07-18,2024-07-23,5,1,0
2109,9,2023-04-12,2023-04-16,4,1,0
2110,1,2023-04-13,2023-04-16,3,1,0
2111,18,2024-01-16,2024-01-18,2,1,0
2112,11,2024-04-21,2024-04-23,2,1,0
2113,9,2024-11-19,2024-11-23,4,1,0
2114,5,2023-10-27,2023-10-29,2,1,0
2115,20,2023-01-17,2023-01-24,7,0,0
2116,17,2024-11-18,2024-11-22,4,1,0
2117,8,2023-07-05,2023-07-18,13,0,0
2118,17,2023-11-24,2023-11-27,3,1,0
2119,1,2023-05-19,2023-05-24,5,1,0
2120,11,2024-09-05,2024-09-10,5,1,1
2121,19,2023-12-19,2023-12-22,3,1,0
2122,1,2024-11-21,2024-11-24,3,1,0
2123,19,2024-12-23,2024-12-28,5,1,0
2124,17,2024-04-22,2024-05-07,15,0,1
2125,15,2024-10-31,2024-11-10,10,0,0
2126,5,2024-01-22,2024-01-24,2,1,0
2127,12,2023-07-27,2023-08-01,5,1,0
2128,15,2023-12-06,2023-12-09,3,1,0
2129,3,2023-10-13,2023-10-15,2,1,0
2130,20,2023-10-18,2023-10-30,12,0,0
2131,8,2023-07-07,2023-07-09,2,1,1
2132,11,2023-07-01,2023-07-06,5,1,0
2133,7,2024-03-18,2024-03-20,2,1,0
2134,11,2024-10-11,2024-10-16,5,1,0
2135,2,2024-07-13,2024-07-16,3,1,0
2136,17,2023-04-29,2023-05-04,5,1,0
2137,6,2024-02-15,2024-02-26,11,0,1
2138,12,2023-03-07,2023-03-17,10,0,0
2139,9,2024-07-12,2024-07-14,2,1,0
2140,8,2024-12-21,2024-12-23,2,1,0
2141,5,2023-04-23,2023-05-03,10,0,1
2142,19,2023-06-26,2023-06-28,2,1,0
2143,7,2024-10-11,2024-10-19,8,0,0
2144,9,2023-09-12,2023-09-14,2,1,0
2145,17,2024-12-06,2024-12-11,5,1,0
2146,1,2024-08-23,2024-08-27,4,1,0
2147,14,2024-09-19,2024-09-24,5,1,0
2148,9,2023-09-07,2023-09-11,4,1,0
2149,18,2024-06-11,2024-06-15,4,1,0
2150,16,2023-12-03,2023-12-06,3,1,0
2151,15,2023-07-15,2023-07-18,3,1,0
2152,5,2024-12-24,2024-12-27,3,1,0
2153,14,2024-09-22,2024-09-25,3,1,0
2154,8,2023-09-12,2023-09-17,5,1,0
2155,10,2024-04-11,2024-04-14,3,1,1
2156,5,2024-10-02,2024-10-06,4,1,1
2157,18,2024-10-09,2024-10-23,14,0,0
2158,12,2024-03-17,2024-03-19,2,1,0
2159,13,2023-04-17,2023-04-27,10,0,0
2160,7,2024-06-28,2024-07-02,4,1,0
2161,18,2023-08-23,2023-08-26,3,1,1
2162,20,2024-03-14,2024-03-18,4,1,1
2163,12,2024-02-21,2024-02-24,3,1,0
2164,16,2024-09-13,2024-09-16,3,1,1
2165,10,2023-10-22,2023-10-27,5,1,0
2166,1,2023-12-21,2023-12-26,5,1,0
2167,10,2024-03-09,2024-03-12,3,1,0
2168,8,2024-06-11,2024-06-25,14,0,1
2169,18,2024-09-17,2024-09-20,3,1,0
2170,14,2023-11-26,2023-11-28,2,1,0
2171,4,2024-12-18,2024-12-23,5,1,1
2172,19,2023-01-02,2023-01-16,14,0,0
2173,6,2023-08-22,2023-08-24,2,1,0
2174,14,2023-08-21,2023-08-25,4,1,0
2175,11,2024-01-18,2024-01-20,2,1,0
2176,13,2024-11-03,2024-11-08,5,1,0
2177,17,2024-04-25,2024-05-04,9,0,0
2178,13,2024-10-21,2024-10-24,3,1,0
2179,1,2024-11-13,2024-11-24,11,0,0
2180,17,2023-09-06,2023-09-10,4,1,0
2181,1,2023-05-20,2023-05-27,7,0,0
2182,3,2023-03-30,2023-04-14,15,0,0
2183,4,2024-09-15,2024-09-19,4,1,0
2184,19,2023-09-22,2023-09-27,5,1,0
2185,13,2023-07-14,2023-07-20,6,0,0
2186,17,2023-07-05,2023-07-10,5,1,0
2187,18,2023-09-26,2023-09-28,2,1,0
2188,3,2024-01-20,2024-01-22,2,1,0
2189,8,2024-03-12,2024-03-23,11,0,1
2190,3,2023-06-05,2023-06-17,12,0,0
2191,2,2024-04-11,2024-04-17,6,0,0
2192,6,2023-06-15,2023-06-27,12,0,0
2193,7,2023-02-03,2023-02-06,3,1,0
2194,19,2023-11-08,2023-11-11,3,1,0
2195,20,2023-01-04,2023-01-08,4,1,0
2196,20,2023-08-13,2023-08-18,5,1,1
2197,19,2024-04-20,2024-04-27,7,0,0
2198,14,2024-03-17,2024-03-20,3,1,0
2199,12,2024-10-13,2024-10-26,13,0,0
2200,10,2023-11-13,2023-11-21,8,0,0
2201,15,2023-07-13,2023-07-16,3,1,0
2202,13,2024-06-20,2024-06-23,3,1,1
2203,14,2023-04-14,2023-04-28,14,0,0
2204,17,2023-06-17,2023-06-19,2,1,0
2205,5,2024-01-12,2024-01-16,4,1,0
2206,15,2024-10-19,2024-10-23,4,1,1
2207,9,2024-03-26,2024-03-30,4,1,0
2208,6,2023-12-28,2024-01-07,10,0,1
2209,20,2023-07-08,2023-07-11,3,1,0
2210,15,2023-04-20,2023-04-22,2,1,0
2211,8,2024-04-23,2024-04-25,2,1,0
2212,9,2023-04-09,2023-04-13,4,1,0
2213,16,2024-01-11,2024-01-15,4,1,0
2214,18,2023-02-17,2023-02-22,5,1,1
2215,7,2023-03-15,2023-03-18,3,1,0
2216,2,2023-01-21,2023-01-29,8,0,0
2217,1,2023-04-22,2023-05-05,13,0,0
2218,18,2023-04-14,2023-04-18,4,1,1
2219,18,2024-09-23,2024-09-27,4,1,0
2220,7,2023-12-04,2023-12-09,5,1,0
2221,3,2023-08-15,2023-08-20,5,1,0
2222,15,2023-03-21,2023-03-24,3,1,0
2223,20,2023-10-08,2023-10-23,15,0,0
2224,16,2023-11-19,2023-11-21,2,1,0
2225,12,2024-10-30,2024-11-04,5,1,0
2226,19,2023-08-10,2023-08-12,2,1,1
2227,2,2023-08-30,2023-09-04,5,1,0
2228,19,2024-06-23,2024-06-28,5,1,0
2229,17,2023-03-22,2023-03-25,3,1,0
2230,9,2023-02-01,2023-02-06,5,1,0
2231,14,2023-11-28,2023-12-05,7,0,0
2232,11,2024-09-27,2024-10-01,4,1,0
2233,6,2024-05-22,2024-05-31,9,0,1
2234,6,2024-10-12,2024-10-15,3,1,1
2235,4,2023-08-02,2023-08-04,2,1,0
2236,3,2023-11-09,2023-11-12,3,1,0
2237,2,2023-05-26,2023-05-30,4,1,0
2238,8,2023-03-29,2023-03-31,2,1,0
2239,15,2024-04-24,2024-04-27,3,1,0
2240,15,2023-03-04,2023-03-08,4,1,0
2241,19,2024-12-08,2024-12-11,3,1,0
2242,18,2024-04-26,2024-05-04,8,0,0
2243,20,2024-04-05,2024-04-07,2,1,0
2244,14,2024-02-20,2024-03-05,14,0,0
2245,10,2023-12-24,2023-12-26,2,1,0
2246,13,2024-07-12,2024-07-16,4,1,0
2247,7,2024-11-14,2024-11-17,3,1,0
2248,11,2023-10-21,2023-11-04,14,0,1
2249,3,2024-10-03,2024-10-07,4,1,0
2250,11,2024-06-23,2024-06-25,2,1,0
2251,4,2024-11-19,2024-11-23,4,1,0
2252,10,2024-11-03,2024-11-13,10,0,0
2253,9,2023-01-03,2023-01-08,5,1,0
2254,14,2024-03-01,2024-03-03,2,1,0
2255,6,2023-03-31,2023-04-02,2,1,1
2256,17,2023-04-15,2023-04-19,4,1,0
2257,18,2024-04-18,2024-05-01,13,0,1
2258,2,2023-11-13,2023-11-21,8,0,0
2259,13,2024-11-05,2024-11-08,3,1,1
2260,13,2023-04-04,2023-04-10,6,0,0
2261,12,2024-12-04,2024-12-18,14,0,0
2262,14,2024-12-25,2025-01-02,8,0,0
2263,1,2023-02-21,2023-02-26,5,1,0
2264,4,2024-02-08,2024-02-10,2,1,0
2265,13,2023-12-15,2023-12-20,5,1,1
2266,18,2023-03-18,2023-03-25,7,0,0
2267,18,2023-07-18,2023-07-20,2,1,0
2268,18,2023-07-18,2023-07-20,2,1,0
2269,7,2023-12-11,2023-12-14,3,1,0
2270,19,2023-07-08,2023-07-11,3,1,1
2271,6,2024-10-24,2024-10-28,4,1,0
2272,2,2024-07-04,2024-07-09,5,1,0
2273,8,2023-02-27,2023-03-02,3,1,0
2274,4,2023-09-26,2023-09-28,2,1,0
2275,13,2024-11-09,2024-11-20,11,0,0
2276,13,2023-11-22,2023-12-06,14,0,0
2277,20,2023-04-06,2023-04-19,13,0,0
2278,2,2023-04-26,2023-05-08,12,0,1
2279,13,2024-05-21,2024-05-26,5,1,1
2280,6,2024-12-17,2025-01-01,15,0,0
2281,14,2023-06-04,2023-06-09,5,1,1
2282,2,2023-09-09,2023-09-11,2,1,0
2283,8,2023-09-28,2023-10-07,9,0,1
2284,17,2023-09-06,2023-09-10,4,1,0
2285,3,2024-02-15,2024-02-19,4,1,0
2286,15,2024-04-30,2024-05-04,4,1,0
2287,7,2023-04-16,2023-04-18,2,1,0
2288,11,2023-08-17,2023-08-22,5,1,0
2289,10,2024-01-16,2024-01-21,5,1,0
2290,4,2023-10-28,2023-11-02,5,1,0
2291,13,2023-12-20,2023-12-27,7,0,0
2292,17,2024-11-04,2024-11-06,2,1,0
2293,2,2024-09-13,2024-09-20,7,0,0
2294,16,2024-06-08,2024-06-12,4,1,0
2295,10,2023-09-27,2023-10-02,5,1,0
2296,16,2024-05-24,2024-05-26,2,1,0
2297,20,2023-11-19,2023-11-30,11,0,0
2298,20,2024-07-07,2024-07-09,2,1,0
2299,17,2024-05-20,2024-05-22,2,1,0
2300,12,2023-06-22,2023-06-29,7,0,0
2301,16,2023-01-20,2023-01-22,2,1,0
2302,9,2024-11-27,2024-12-02,5,1,0
2303,3,2024-04-26,2024-05-01,5,1,1
2304,11,2023-07-30,2023-08-02,3,1,0
2305,14,2024-12-28,2025-01-02,5,1,0
2306,12,2024-09-18,2024-09-21,3,1,0
2307,18,2024-12-06,2024-12-20,14,0,0
2308,9,2023-11-16,2023-11-30,14,0,0
2309,14,2023-04-06,2023-04-08,2,1,0
2310,11,2023-08-12,2023-08-15,3,1,0
2311,8,2023-09-04,2023-09-19,15,0,0
2312,14,2023-01-03,2023-01-18,15,0,0
2313,7,2024-10-19,2024-10-23,4,1,0
2314,14,2024-08-06,2024-08-10,4,1,0
2315,3,2024-11-01,2024-11-12,11,0,0
2316,4,2024-11-03,2024-11-06,3,1,0
2317,19,2023-07-12,2023-07-21,9,0,0
2318,19,2023-05-27,2023-05-30,3,1,1
2319,2,2023-07-18,2023-07-31,13,0,0
2320,7,2023-02-17,2023-02-19,2,1,1
2321,19,2024-04-29,2024-05-03,4,1,0
2322,17,2024-08-10,2024-08-14,4,1,1
2323,5,2023-07-21,2023-07-23,2,1,0
2324,4,2023-07-14,2023-07-18,4,1,0
2325,5,2023-06-14,2023-06-21,7,0,1
2326,14,2023-02-13,2023-02-23,10,0,0
2327,16,2024-10-21,2024-10-26,5,1,0
2328,4,2024-05-29,2024-06-01,3,1,0
2329,5,2023-11-26,2023-11-28,2,1,0
2330,12,2023-06-26,2023-07-05,9,0,1
2331,17,2024-12-13,2024-12-19,6,0,0
2332,7,2023-08-13,2023-08-16,3,1,0
2333,12,2024-10-16,2024-10-22,6,0,1
2334,20,2024-06-24,2024-06-29,5,1,0
2335,15,2024-10-29,2024-11-01,3,1,0
2336,10,2023-02-09,2023-02-11,2,1,1
2337,1,2024-06-14,2024-06-19,5,1,1
2338,17,2023-10-29,2023-10-31,2,1,0
2339,9,2023-07-06,2023-07-10,4,1,0
2340,15,2023-10-24,2023-10-28,4,1,0
2341,2,2024-07-09,2024-07-12,3,1,0
2342,19,2023-06-27,2023-07-02,5,1,0
2343,9,2023-09-26,2023-10-01,5,1,0
2344,20,2024-03-23,2024-03-27,4,1,0
2345,1,2024-12-03,2024-12-13,10,0,0
2346,14,2024-12-13,2024-12-27,14,0,0
2347,16,2023-09-02,2023-09-06,4,1,0
2348,19,2024-03-07,2024-03-19,12,0,0
2349,15,2024-02-06,2024-02-10,4,1,0
2350,12,2024-12-18,2024-12-20,2,1,0
2351,1,2023-10-24,2023-10-28,4,1,1
2352,18,2023-12-25,2023-12-30,5,1,0
2353,8,2023-06-17,2023-06-22,5,1,1
2354,15,2024-07-25,2024-07-31,6,0,0
2355,9,2023-09-08,2023-09-13,5,1,0
2356,2,2024-08-26,2024-08-29,3,1,0
2357,3,2024-05-22,2024-05-31,9,0,0
2358,19,2023-10-11,2023-10-18,7,0,0
2359,4,2024-08-10,2024-08-15,5,1,0
2360,6,2024-01-01,2024-01-04,3,1,0
2361,14,2024-02-03,2024-02-08,5,1,1
2362,11,2024-05-27,2024-06-10,14,0,0
2363,4,2024-03-08,2024-03-12,4,1,0
2364,1,2023-11-01,2023-11-08,7,0,0
2365,7,2024-05-23,2024-05-26,3,1,0
2366,1,2024-02-07,2024-02-12,5,1,0
2367,14,2024-06-20,2024-06-29,9,0,0
2368,9,2023-03-09,2023-03-16,7,0,0
2369,20,2024-10-07,2024-10-12,5,1,1
2370,11,2023-01-21,2023-01-26,5,1,0
2371,6,2024-10-04,2024-10-13,9,0,0
2372,6,2024-12-15,2024-12-27,12,0,0
2373,12,2023-01-15,2023-01-18,3,1,0
2374,6,2024-07-24,2024-08-02,9,0,1
2375,4,2024-09-08,2024-09-10,2,1,0
2376,16,2024-05-30,2024-06-02,3,1,0
2377,4,2024-03-12,2024-03-17,5,1,0
2378,8,2023-10-07,2023-10-09,2,1,1
2379,5,2023-08-02,2023-08-15,13,0,0
2380,17,2024-05-05,2024-05-08,3,1,0
2381,6,2024-07-27,2024-08-08,12,0,0
2382,18,2023-01-26,2023-01-30,4,1,0
2383,2,2023-06-02,2023-06-04,2,1,0
2384,10,2023-11-27,2023-12-11,14,0,0
2385,14,2024-12-13,2024-12-22,9,0,0
2386,3,2023-11-25,2023-11-28,3,1,0
2387,10,2023-01-17,2023-01-29,12,0,0
2388,3,2024-12-06,2024-12-10,4,1,0
2389,18,2024-04-10,2024-04-24,14,0,0
2390,8,2024-04-29,2024-05-02,3,1,0
2391,16,2024-03-14,2024-03-21,7,0,0
2392,8,2024-06-09,2024-06-24,15,0,0
2393,2,2024-06-09,2024-06-22,13,0,0
2394,15,2023-09-05,2023-09-09,4,1,0
2395,9,2024-12-12,2024-12-14,2,1,0
2396,20,2024-06-20,2024-06-23,3,1,0
2397,10,2023-09-24,2023-09-29,5,1,0
2398,15,2023-09-19,2023-09-22,3,1,0
2399,14,2024-04-04,2024-04-08,4,1,0
2400,11,2023-03-26,2023-03-30,4,1,0
2401,19,2024-04-29,2024-05-07,8,0,0
2402,15,2024-12-31,2025-01-02,2,1,0
2403,20,2024-09-05,2024-09-09,4,1,0
2404,18,2024-02-27,2024-03-03,5,1,0
2405,7,2023-01-27,2023-02-10,14,0,0
2406,15,2023-04-13,2023-04-16,3,1,0
2407,16,2024-07-23,2024-07-26,3,1,0
2408,9,2023-04-19,2023-04-21,2,1,0
2409,6,2023-03-12,2023-03-26,14,0,0
2410,3,2023-01-28,2023-01-30,2,1,1
2411,16,2023-01-08,2023-01-13,5,1,0
2412,7,2024-10-01,2024-10-14,13,0,0
2413,3,2023-06-18,2023-07-01,13,0,0
2414,7,2023-04-30,2023-05-04,4,1,0
2415,6,2023-06-16,2023-06-18,2,1,0
2416,13,2024-08-07,2024-08-18,11,0,1
2417,11,2023-03-29,2023-03-31,2,1,0
2418,19,2023-09-07,2023-09-10,3,1,0
2419,18,2023-04-21,2023-04-28,7,0,1
2420,18,2024-05-17,2024-05-20,3,1,0
2421,16,2024-07-22,2024-07-26,4,1,0
2422,12,2023-10-31,2023-11-03,3,1,0
2423,1,2024-01-14,2024-01-22,8,0,1
2424,19,2024-11-02,2024-11-04,2,1,0
2425,19,2023-10-09,2023-10-12,3,1,0
2426,9,2023-01-27,2023-01-30,3,1,0
2427,10,2024-08-29,2024-08-31,2,1,0
2428,14,2023-12-13,2023-12-16,3,1,0
2429,2,2024-08-04,2024-08-13,9,0,0
2430,13,2024-11-28,2024-12-03,5,1,0
2431,20,2023-05-02,2023-05-16,14,0,0
2432,16,2023-02-09,2023-02-13,4,1,0
2433,13,2024-12-08,2024-12-15,7,0,0
2434,7,2023-10-16,2023-10-21,5,1,0
2435,2,2024-07-17,2024-07-24,7,0,0
2436,20,2023-05-11,2023-05-20,9,0,0
2437,1,2023-02-03,2023-02-06,3,1,0
2438,13,2024-05-05,2024-05-17,12,0,0
2439,1,2024-12-14,2024-12-19,5,1,0
2440,7,2023-03-03,2023-03-06,3,1,0
2441,14,2023-10-28,2023-11-02,5,1,0
2442,8,2023-08-08,2023-08-13,5,1,0
2443,18,2023-10-12,2023-10-16,4,1,1
2444,3,2023-03-26,2023-04-05,10,0,0
2445,8,2023-06-30,2023-07-10,10,0,0
2446,7,2024-02-21,2024-02-24,3,1,0
2447,9,2023-02-26,2023-03-02,4,1,1
2448,10,2024-06-21,2024-06-26,5,1,0
2449,13,2024-05-04,2024-05-09,5,1,0
2450,5,2023-01-29,2023-02-03,5,1,0
2451,13,2024-04-10,2024-04-24,14,0,1
2452,12,2024-01-23,2024-01-25,2,1,1
2453,17,2023-09-18,2023-10-03,15,0,0
2454,8,2024-06-29,2024-07-11,12,0,0
2455,7,2024-05-29,2024-05-31,2,1,0
2456,8,2023-10-27,2023-10-29,2,1,0
2457,9,2023-05-05,2023-05-09,4,1,0
2458,15,2023-09-18,2023-09-22,4,1,0
2459,13,2023-10-08,2023-10-10,2,1,0
2460,4,2024-08-25,2024-08-27,2,1,1
2461,12,2023-04-21,2023-04-24,3,1,0
2462,19,2023-03-05,2023-03-07,2,1,0
2463,2,2024-09-04,2024-09-09,5,1,1
2464,5,2023-12-23,2024-01-04,12,0,0
2465,6,2023-11-05,2023-11-16,11,0,1
2466,4,2024-03-16,2024-03-18,2,1,0
2467,10,2024-03-21,2024-03-25,4,1,0
2468,10,2023-08-03,2023-08-16,13,0,0
2469,4,2023-03-07,2023-03-09,2,1,0
2470,16,2023-03-26,2023-03-31,5,1,0
2471,15,2024-10-02,2024-10-16,14,0,0
2472,11,2023-09-02,2023-09-04,2,1,0
2473,10,2023-08-20,2023-08-23,3,1,1
2474,18,2023-10-16,2023-10-21,5,1,0
2475,2,2023-01-01,2023-01-06,5,1,0
2476,11,2024-05-09,2024-05-12,3,1,0
2477,20,2024-03-20,2024-03-24,4,1,0
2478,11,2024-02-20,2024-02-25,5,1,0
2479,15,2023-07-24,2023-08-01,8,0,0
2480,17,2024-07-25,2024-07-29,4,1,0
2481,2,2024-11-29,2024-12-11,12,0,0
2482,13,2023-06-18,2023-06-27,9,0,0
2483,6,2023-09-03,2023-09-12,9,0,0
2484,1,2024-11-19,2024-11-27,8,0,1
2485,13,2023-06-24,2023-06-30,6,0,1
2486,5,2024-04-22,2024-04-27,5,1,0
2487,17,2024-07-26,2024-08-03,8,0,0
2488,18,2024-07-26,2024-07-30,4,1,0
2489,16,2024-10-14,2024-10-18,4,1,0
2490,3,2023-06-22,2023-06-28,6,0,0
2491,13,2023-02-03,2023-02-07,4,1,0
2492,11,2024-03-13,2024-03-24,11,0,0
2493,8,2023-02-25,2023-02-28,3,1,0
2494,10,2024-10-06,2024-10-10,4,1,0
2495,18,2024-06-03,2024-06-17,14,0,1
2496,11,2024-07-28,2024-07-31,3,1,1
2497,17,2023-12-20,2023-12-25,5,1,0
2498,16,2023-04-19,2023-04-23,4,1,0
2499,11,2024-01-03,2024-01-16,13,0,0
2500,16,2023-02-03,2023-02-06,3,1,0
